# Reaction HUMAnN v4.0.0.alpha.1	SRR7947175_merged
UNMAPPED	55175.0000000000
UNGROUPED	2561.0235178984
DNA-DIRECTED-RNA-POLYMERASE-RXN	1970.2587728651
3.1.26.5-RXN	987.5150402847
RXN0-6480	987.5150402847
2.7.13.3-RXN	354.1521301956
PEPTIDYLPROLYL-ISOMERASE-RXN	120.0937039921
3.2.1.17-RXN	115.3855359807
DNA-DIRECTED-DNA-POLYMERASE-RXN	107.5327530558
RXN-20927	107.5327530558
3.2.1.23-RXN	105.1627460089
KETOLACTOSE-RXN	105.1627460089
RXN-12398	105.1627460089
RXN-12399	105.1627460089
RXN-12400	105.1627460089
RXN-19765	105.1627460089
2.1.1.86-RXN	98.6777093209
ATPSYN-RXN	74.8114549093
3.1.21.4-RXN	72.5156364403
2.1.1.72-RXN	70.6073051399
UNDECAPRENYL-DIPHOSPHATASE-RXN	62.3458167119
CARBPSYN-RXN	57.9800619769
S-ADENMETSYN-RXN	57.1233937143
5.99.1.3-RXN	56.2678033493
3.2.1.21-RXN	55.7551658168
RXN-10769	55.7551658168
RXN-10773	55.7551658168
RXN-13602	55.7551658168
RXN-13603	55.7551658168
RXN-14179	55.7551658168
RXN-18846	55.7551658168
RXN-21055	55.7551658168
RXN-5341	55.7551658168
RXN-8036	55.7551658168
RXN-9674	55.7551658168
RXN18C3-14	55.7551658168
RXN-2043	53.4593648203
PHOSPHOLIPASE-A2-RXN	49.7276371279
RXN-15065	49.7276371279
RXN-15067	49.7276371279
RXN-15068	49.7276371279
RXN-16138	49.7276371279
RXN-16139	49.7276371279
RXN-17735	49.7276371279
RXN-17736	49.7276371279
RXN-20543	49.7276371279
RXN-20546	49.7276371279
RXN-20548	49.7276371279
RXN-20552	49.7276371279
RXN-20554	49.7276371279
RXN-20555	49.7276371279
RXN-20558	49.7276371279
RXN-20561	49.7276371279
RXN-20562	49.7276371279
RXN0-6725	49.7276371279
RXN-17362	49.5303460134
2.7.7.8-RXN	48.6383665106
PHOSNACMURPENTATRANS-RXN	47.5881114791
RXN-11347	47.5881114791
RXN-8975	47.5881114791
GLURS-RXN	46.7326375808
RXN-14694	45.9939838111
RXN0-1342	45.0578399104
2.4.1.129-RXN	45.0309631939
RXN-11291	45.0309631939
RXN-11348	45.0309631939
RXN-11350	45.0309631939
RXN-14712	45.0309631939
RXN-15521	45.0309631939
RXN-16650	45.0309631939
PROTEIN-TYROSINE-PHOSPHATASE-RXN	44.5759694353
GMP-SYN-GLUT-RXN	44.5016794994
6PFRUCTPHOS-RXN	42.1739664087
GLUTAMINE--TRNA-LIGASE-RXN	42.1732784422
TRYPSYN-RXN	41.8194704029
VALINE--TRNA-LIGASE-RXN	41.7516921006
ASPARAGINE--TRNA-LIGASE-RXN	40.5368447134
RXN-13202	40.4262897103
DNA-CYTOSINE-5--METHYLTRANSFERASE-RXN	40.1736755900
NADH-PEROXIDASE-RXN	39.8586125438
GUANYL-KIN-RXN	37.7265756200
LEUCINE--TRNA-LIGASE-RXN	37.6102083623
5.99.1.2-RXN	35.2789033914
RXN0-6274	35.2743612219
ABC-27-RXN	35.1598324205
2.3.1.180-RXN	34.9523271332
PHENYLALANINE--TRNA-LIGASE-RXN	34.5180161012
F16ALDOLASE-RXN	34.4906989002
RXN-19916	34.4906989002
RXN-8631	34.4906989002
SEDOBISALDOL-RXN	34.4906989002
CHORISMATEMUT-RXN	34.4873993756
1-ACYLGLYCEROL-3-P-ACYLTRANSFER-RXN	34.4573233322
RXN-15043	34.4573233322
RXN-16025	34.4573233322
RXN-16032	34.4573233322
RXN-16067	34.4573233322
RXN-16076	34.4573233322
RXN-16077	34.4573233322
RXN-16118	34.4573233322
RXN-1623	34.4573233322
RXN-17008	34.4573233322
RXN-17009	34.4573233322
RXN-17010	34.4573233322
RXN-17011	34.4573233322
RXN-17012	34.4573233322
RXN-17013	34.4573233322
RXN-17014	34.4573233322
RXN-17015	34.4573233322
RXN-17019	34.4573233322
RXN-17020	34.4573233322
RXN-17021	34.4573233322
RXN-17022	34.4573233322
RXN-17023	34.4573233322
RXN-17024	34.4573233322
RXN-17729	34.4573233322
RXN-20512	34.4573233322
RXN-20528	34.4573233322
RXN-20565	34.4573233322
RXN0-5514	34.4573233322
RXN0-6705	34.4573233322
NADH-DEHYDROG-A-RXN	34.4406455695
NADH-PQ-DEHYDROG-RXN	34.4406455695
RXN-21274	34.4406455695
RXN-21415	34.4406455695
3.2.1.52-RXN	34.4110888041
RXN-12625	34.4110888041
RXN-12626	34.4110888041
RXN-18082	34.4110888041
RXN-21432	34.4110888041
RXN0-5226	34.4110888041
2-ISOPROPYLMALATESYN-RXN	34.3482818958
ALPHAGALACTOSID-RXN	33.3924637907
RXN-11501	33.3924637907
RXN-12088	33.3924637907
RXN-17830	33.3924637907
FORMATETHFLIG-RXN	32.9122854592
ADENYLYLSULFKIN-RXN	32.6677414252
ALANINE--TRNA-LIGASE-RXN	32.6099519738
HISTIDINE--TRNA-LIGASE-RXN	32.4816875312
RXN-13163	32.0384870478
3PGAREARR-RXN	31.9694288407
ABC-32-RXN	31.9257013123
GDPPYPHOSKIN-RXN	31.8015346451
GTPPYPHOSKIN-RXN	31.8015346451
PHOSGLYPHOS-RXN	31.7706569438
BETA-LACTAMASE-RXN	31.7399820429
RXN-20894	31.7399820429
RXN0-2584	31.5519810089
METHYLMALONYL-COA-MUT-RXN	31.5189465184
TRYPTOPHAN--TRNA-LIGASE-RXN	31.4932007289
TRANS-RXN-214	31.4493572510
3.4.21.89-RXN	31.4222304739
ACYLPHOSPHATASE-RXN	31.3360084242
ISOLEUCINE--TRNA-LIGASE-RXN	31.2118601934
DIOHBUTANONEPSYN-RXN	31.1132765449
RXN-11597	31.0541594657
3.1.21.2-RXN	30.9520400594
BTUR2-RXN	30.8872435687
RXN-19335	30.8872435687
RXN-19339	30.8872435687
RXN-19368	30.8872435687
RXN-19369	30.8872435687
DTDPGLUCDEHYDRAT-RXN	30.8399757970
3.1.21.3-RXN	30.4261704552
LYSINE--TRNA-LIGASE-RXN	29.8839089078
UDPGLUCEPIM-RXN	29.7753451031
RNA-DIRECTED-DNA-POLYMERASE-RXN	29.5992271681
RXN-15041	29.5902223401
RXN-19726	29.5902223401
RXN-19727	29.5902223401
RXN-19728	29.5902223401
RXN-19729	29.5902223401
RXN-13997	29.1951524632
5.4.2.10-RXN	29.1162262463
ACETOLACTSYN-RXN	28.6190913456
ACETOOHBUTSYN-RXN	28.6190913456
RXN-14267	28.3167432151
RXN-16938	28.3167432151
RXN0-5225	28.3167432151
GLYCEROL-KIN-RXN	28.0140061312
POLYPHOSPHATE-KINASE-RXN	28.0115329186
DIHYDROXYISOVALDEHYDRAT-RXN	27.7386656934
DIHYDROXYMETVALDEHYDRAT-RXN	27.7386656934
RXN0-302	27.5665747022
RXN-11592	27.4556838932
3.2.1.55-RXN	27.2950041850
RXN-19757	27.2950041850
RXN-19758	27.2950041850
RXN-19769	27.2950041850
TRNA-GUANINE-N7--METHYLTRANSFERASE-RXN	27.1031794112
PROLINE--TRNA-LIGASE-RXN	27.0001568900
GLYOHMETRANS-RXN	26.9501569571
RXN-11475	26.9363768351
AIRS-RXN	26.7862628992
MALTODEXGLUCOSID-RXN	26.6384101467
RXN-14281	26.6384101467
RXN-14282	26.6384101467
RXN-14283	26.6384101467
RXN-15910	26.6384101467
RXN0-5183	26.6384101467
PGLUCISOM-RXN	26.6366630644
ARGSUCCINSYN-RXN	26.0783954120
RXN-10	26.0783954120
GLUCOSAMINE-6-P-DEAMIN-RXN	25.8530117777
THYMIDYLATESYN-RXN	25.8466324985
GLUTDEHYD-RXN	25.8351846552
3.1.26.11-RXN	25.7551722522
PYRUVFORMLY-RXN	25.7084417526
CTPSYN-RXN	25.5558247863
ACSERLY-RXN	25.1080311266
RXN-12726	25.1080311266
DTDPGLUCOSEPP-RXN	25.0508269692
ACETYLHOMOSER-CYS-RXN	24.9492032784
O-ACETYLHOMOSERINE-THIOL-LYASE-RXN	24.9492032784
RXN-15878	24.9436158441
MALATE-DEH-RXN	24.7936260072
RIB5PISOM-RXN	24.6895655029
RXN-982	24.4729011437
ACETYLGLUTKIN-RXN	24.2262171859
RXN-15005	24.2262171859
3-HYDROXYDECANOYL-ACP-DEHYDR-RXN	24.1751818327
4.2.1.58-RXN	24.1751818327
4.2.1.59-RXN	24.1751818327
4.2.1.61-RXN	24.1751818327
RXN-10656	24.1751818327
RXN-10660	24.1751818327
RXN-11477	24.1751818327
RXN-11481	24.1751818327
RXN-13009	24.1751818327
RXN-16619	24.1751818327
RXN-16623	24.1751818327
RXN-16627	24.1751818327
RXN-16631	24.1751818327
RXN-21615	24.1751818327
RXN-21619	24.1751818327
RXN-21623	24.1751818327
RXN-21627	24.1751818327
RXN-21632	24.1751818327
RXN-21636	24.1751818327
RXN-21646	24.1751818327
RXN-21651	24.1751818327
RXN-21656	24.1751818327
RXN-21661	24.1751818327
RXN-21666	24.1751818327
RXN-21671	24.1751818327
RXN-21677	24.1751818327
RXN-21682	24.1751818327
RXN-21687	24.1751818327
RXN-21692	24.1751818327
RXN-21698	24.1751818327
RXN-21703	24.1751818327
RXN-9520	24.1751818327
RXN-9533	24.1751818327
RXN-9537	24.1751818327
RXN-9557	24.1751818327
RXN-9634	24.1751818327
RXN-9655	24.1751818327
RXN0-2144	24.1751818327
RXN1G-320	24.1751818327
3-OXOACYL-ACP-REDUCT-RXN	24.1421323366
RXN-10655	24.1421323366
RXN-10659	24.1421323366
RXN-11476	24.1421323366
RXN-11480	24.1421323366
RXN-13008	24.1421323366
RXN-16616	24.1421323366
RXN-16622	24.1421323366
RXN-16626	24.1421323366
RXN-16630	24.1421323366
RXN-21614	24.1421323366
RXN-21618	24.1421323366
RXN-21622	24.1421323366
RXN-21626	24.1421323366
RXN-21631	24.1421323366
RXN-21635	24.1421323366
RXN-21645	24.1421323366
RXN-21650	24.1421323366
RXN-21655	24.1421323366
RXN-21660	24.1421323366
RXN-21665	24.1421323366
RXN-21670	24.1421323366
RXN-21676	24.1421323366
RXN-21681	24.1421323366
RXN-21686	24.1421323366
RXN-21691	24.1421323366
RXN-21696	24.1421323366
RXN-21702	24.1421323366
RXN-9514	24.1421323366
RXN-9518	24.1421323366
RXN-9524	24.1421323366
RXN-9528	24.1421323366
RXN-9532	24.1421323366
RXN-9536	24.1421323366
RXN-9540	24.1421323366
RXN-9552	24.1421323366
RXN-9556	24.1421323366
RXN-9633	24.1421323366
RXN0-2142	24.1421323366
RXN1G-157	24.1421323366
RXN1G-349	24.1421323366
RXN1G-469	24.1421323366
CYTIDINEKIN-RXN	24.0933498040
URIDINEKIN-RXN	24.0933498040
URKI-RXN	24.0933498040
HOMOCYSMETB12-RXN	23.9877909459
PRPPSYN-RXN	23.8365519992
KDO-8PSYNTH-RXN	23.8342760934
GLYCOGENSYN-RXN	23.7607551213
PSERTRANSAM-RXN	23.6880001364
PSERTRANSAMPYR-RXN	23.6880001364
GAPOXNPHOSPHN-RXN	23.6828662968
RXN1YI0-11	23.6828662968
3.4.11.18-RXN	23.3356193273
RXN-17873	23.3356193273
RXN-17874	23.3356193273
RXN-17875	23.3356193273
RXN-17876	23.3356193273
RXN-17877	23.3356193273
RXN-17878	23.3356193273
NACGLCTRANS-RXN	23.2588575456
RXN-11029	23.2588575456
RXN-11346	23.2588575456
RXN-8976	23.2588575456
THREONINE--TRNA-LIGASE-RXN	22.9634630430
GLYCINE--TRNA-LIGASE-RXN	22.9553354780
HISTPRATPHYD-RXN	22.6382856624
ADENPRIBOSYLTRAN-RXN	22.6250741658
RXN-14270	22.6250741658
2.1.1.63-RXN	22.5856043148
RXN-17824	22.5856043148
GLUTAMINESYN-RXN	22.2489217583
SERINE-O-ACETTRAN-RXN	22.1653666361
RXN-11586	22.0967272848
TYROSINE--TRNA-LIGASE-RXN	22.0610027318
DXPREDISOM-RXN	22.0209344756
ASPDECARBOX-RXN	22.0113834130
ADENYLOSUCCINATE-SYNTHASE-RXN	21.8103335898
PYRUVATEORTHOPHOSPHATE-DIKINASE-RXN	21.6557649776
RXN-15561	21.6040348958
URACIL-PRIBOSYLTRANS-RXN	21.5663436625
3.1.26.4-RXN	21.5331078522
3.4.11.9-RXN	21.4884758703
METHGLYSYN-RXN	21.4689473605
RXN-1961	21.3783321255
GTP-CYCLOHYDRO-I-RXN	21.2081197037
CYSTEINE--TRNA-LIGASE-RXN	20.7505431274
RXN0-11	20.6997394763
RXN-16702	20.6786846061
3.1.26.3-RXN	20.5973995044
3.5.1.27-RXN	20.5633722090
3.5.1.88-RXN	20.5633722090
3.2.1.73-RXN	20.5369416522
MALONYL-COA-ACP-TRANSACYL-RXN	20.5323771697
RXN-20481	20.5323771697
RXN-20482	20.5323771697
RXN-20490	20.5323771697
RXN-20498	20.5323771697
RXN-11637	20.5033067205
UDP-NACMURALGLDAPLIG-RXN	20.3827111550
PEPCARBOXYKIN-RXN	20.1985856357
UDPNACETYLGLUCOSAMENOLPYRTRANS-RXN	20.1843694672
RXN0-1321	20.1551553992
RXN-6501	20.0053524181
RXN0-743	19.9489520935
MALTACETYLTRAN-RXN	19.9396331809
GLYCOGEN-BRANCH-RXN	19.8641684216
RXN-14371	19.8641684216
RXN-14372	19.8641684216
RXN-18777	19.8641684216
RXN-7669	19.8641684216
RXN-7710	19.8641684216
4.3.1.17-RXN	19.8526364751
ASPARTATE--TRNA-LIGASE-RXN	19.8100789212
GLYC3PDEHYDROGBIOSYN-RXN	19.7403849560
PANTOTHENATE-KIN-RXN	19.7147132120
4.2.99.18-RXN	19.6700310147
RHAMNULOKIN-RXN	19.6172608131
3.6.3.31-RXN	19.5955362892
ABC-24-RXN	19.5955362892
PHOSACETYLTRANS-RXN	19.5372564209
GLUTAMATESYN-RXN	19.5164973924
INORGPYROPHOSPHAT-RXN	19.4399313267
KETOGLUTREDUCT-RXN	19.4205131721
RXN-16701	19.4205131721
GLUTRNAREDUCT-RXN	19.3815541153
TRANS-RXN-2	19.2740966941
RXN-20789	19.1811175006
UDPNACETYLGLUCOSAMACYLTRANS-RXN	19.1811175006
RXN-13158	19.1424827196
RXN-14986	19.1424827196
RXNQT-4165	19.1424827196
RXNQT-4168	19.1424827196
RXNQT-4171	19.1424827196
RXNQT-4174	19.1424827196
RXNQT-4178	19.1424827196
RXN-14971	18.8864297123
RXN-15378	18.8864297123
RXN-21393	18.8864297123
RXN-21394	18.8864297123
RXN1YI0-14	18.8864297123
SUCCINATE-DEHYDROGENASE-UBIQUINONE-RXN	18.8864297123
SUCCINATE-DEHYDROGENASE-UBIQUINONE6-RXN	18.8864297123
FMNREDUCT-RXN	18.8633969147
RXN-15513	18.8138028868
RXN-12124	18.7330607818
RXN-13682	18.7330607818
RXN-21463	18.7330607818
PHOSPHOGLUCMUT-RXN	18.6519691848
ALKAPHOSPHA-RXN	18.5194998539
RXN-8748	18.5194998539
GALACTUROISOM-RXN	18.4187633818
GLUCUROISOM-RXN	18.4187633818
SUPEROX-DISMUT-RXN	18.3256664237
ARGININE--TRNA-LIGASE-RXN	18.2531434465
UDPNACETYLMURAMATEDEHYDROG-RXN	18.1479990921
RXN-12720	18.0142130253
SULFATE-ADENYLYLTRANS-RXN	18.0142130253
ABC-63-RXN	18.0134896848
RXN-19040	18.0121458560
RXN0-6359	18.0121458560
THIOSULFATE-SULFURTRANSFERASE-RXN	18.0121458560
5-NUCLEOTID-RXN	18.0051977239
AMP-DEPHOSPHORYLATION-RXN	18.0051977239
RXN-14025	18.0051977239
RXN-14227	18.0051977239
RXN-5841	18.0051977239
RXN-7609	18.0051977239
XMPXAN-RXN	18.0051977239
3-DEHYDROQUINATE-DEHYDRATASE-RXN	18.0019156733
ENOYL-ACP-REDUCT-NADH-RXN	17.9639118636
RXN-10657	17.9639118636
RXN-10661	17.9639118636
RXN-11478	17.9639118636
RXN-11482	17.9639118636
RXN-16620	17.9639118636
RXN-16624	17.9639118636
RXN-16628	17.9639118636
RXN-16632	17.9639118636
RXN-21616	17.9639118636
RXN-21620	17.9639118636
RXN-21624	17.9639118636
RXN-21628	17.9639118636
RXN-21633	17.9639118636
RXN-21637	17.9639118636
RXN-21647	17.9639118636
RXN-21652	17.9639118636
RXN-21657	17.9639118636
RXN-21662	17.9639118636
RXN-21667	17.9639118636
RXN-21672	17.9639118636
RXN-21678	17.9639118636
RXN-21683	17.9639118636
RXN-21688	17.9639118636
RXN-21693	17.9639118636
RXN-21699	17.9639118636
RXN-21704	17.9639118636
RXN-9558	17.9639118636
RXN-9635	17.9639118636
RXN-9657	17.9639118636
RXN-9658	17.9639118636
RXN-9659	17.9639118636
RXN-9660	17.9639118636
RXN-9661	17.9639118636
RXN-9662	17.9639118636
RXN-9663	17.9639118636
RXN0-2145	17.9639118636
RXN1G-395	17.9639118636
CELLOBIOSE-EPIMERASE-RXN	17.9369680069
RXN-15344	17.9369680069
RXN-15709	17.9369680069
3.4.21.92-RXN	17.9002974106
GLUTSEMIALDEHYDROG-RXN	17.7756996459
DTDPDEHYRHAMREDUCT-RXN	17.7363192977
GPH-RXN	17.7198500305
RXN-7737	17.6864838791
FRUCTOKINASE-RXN	17.6802941987
RXN-19915	17.6802941987
EXOPOLYPHOSPHATASE-RXN	17.6393630062
MYO-INOSITOL-1OR-4-MONOPHOSPHATASE-RXN	17.6299216434
RXN-10949	17.6299216434
RXN-10952	17.6299216434
RXN-10953	17.6299216434
RXN-10954	17.6299216434
RXN-7253	17.6299216434
RXN0-5408	17.6299216434
METHIONINE--TRNA-LIGASE-RXN	17.5654059134
RXN-16165	17.5654059134
POLYNUCLEOTIDE-ADENYLYLTRANSFERASE-RXN	17.5425542483
L-GLN-FRUCT-6-P-AMINOTRANS-RXN	17.4764165157
RXN-9985	17.4705963475
METHENYLTHFCYCLOHYDRO-RXN	17.4358585199
3.2.1.49-RXN	17.4118952468
TRNA-PSEUDOURIDINE-SYNTHASE-I-RXN	17.3858324157
ANTHRANSYN-RXN	17.3741916047
RXN-14950	17.2327802407
RXN-14957	17.2327802407
RXN-14959	17.2327802407
RXN0-949	17.2327802407
SHIKIMATE-KINASE-RXN	17.1568138272
GLYCOLALDREDUCT-RXN	17.1542544054
LACTALDREDUCT-RXN	17.1542544054
RXN-8641	17.1542544054
3.6.3.44-RXN	17.1510618355
RXN-20868	17.1510618355
TRANS-RXN-220	17.1510618355
TRANS-RXN-366	17.1510618355
ORNCARBAMTRANSFER-RXN	17.1337644204
RXN-13482	17.1337644204
AMINOCYL-TRNA-HYDROLASE-RXN	17.0807996832
RXN-12460	17.0807996832
RXN-16637	17.0807996832
ISOCITDEH-RXN	17.0683342494
2.3.1.179-RXN	17.0530957968
RXN-21617	17.0530957968
RXN-21621	17.0530957968
RXN-21625	17.0530957968
RXN-21629	17.0530957968
RXN-21634	17.0530957968
RXN-21649	17.0530957968
RXN-21654	17.0530957968
RXN-21659	17.0530957968
RXN-21664	17.0530957968
RXN-21669	17.0530957968
RXN-21680	17.0530957968
RXN-21685	17.0530957968
RXN-21690	17.0530957968
RXN-21695	17.0530957968
RXN-21701	17.0530957968
RXN-8391	17.0530957968
SAICARSYN-RXN	17.0518818478
ALDOSE-1-EPIMERASE-RXN	17.0456856637
ALDOSE1EPIM-RXN	17.0456856637
RXN0-4181	17.0454940643
IMP-DEHYDROG-RXN	16.9406888864
3.4.21.102-RXN	16.9390655746
MYO-INOSITOL-2-DEHYDROGENASE-RXN	16.8066379542
PYRIMSYN1-RXN	16.7531998364
RXN0-1602	16.7421869850
RXN0-1603	16.7421869850
3.4.21.88-RXN	16.7200965771
TDCEACT-RXN	16.6488941061
DCMP-DEAMINASE-RXN	16.6206501049
PYFLAVOXRE-RXN	16.5949087049
PYRUFLAVREDUCT-RXN	16.5949087049
RXN-12458	16.5892144291
RXN-14517	16.5892144291
RXN0-4022	16.5729558315
GLUTAMATE-SYNTHASE-FERREDOXIN-RXN	16.5714404440
3-CH3-2-OXOBUTANOATE-OH-CH3-XFER-RXN	16.5203140923
RXN-15635	16.5203140923
3.4.11.4-RXN	16.4596463567
ALARACECAT-RXN	16.4152267650
3.4.21.53-RXN	16.2867155037
AICARTRANSFORM-RXN	16.2745395943
3.1.2.23-RXN	16.2424278988
3.2.1.37-RXN	16.2344838881
THIOREDOXIN-REDUCT-NADPH-RXN	16.2266311677
TRANSALDOL-RXN	16.1660690168
RXN-14455	16.0749763662
TRANS-RXN0-207	16.0749763662
RXN-19911	16.0198142403
RXN0-7013	16.0198142403
RXN-18388	15.9583284526
3.1.11.6-RXN	15.9504444780
DXS-RXN	15.8904646237
2.7.1.148-RXN	15.8400493349
UREA-CARBOXYLASE-RXN	15.7450902479
2.4.1.212-RXN	15.6979643996
RXN-11627	15.6979643996
ARABISOM-RXN	15.6604825548
1TRANSKETO-RXN	15.6149395842
2TRANSKETO-RXN	15.6149395842
DIMETHYLMALEATE-HYDRATASE-RXN	15.6054519516
3.2.1.1-RXN	15.5861854554
ALPHA-AMYL-RXN	15.5861854554
RXN-1823	15.5861854554
RXN0-5181	15.5861854554
ASPAMINOTRANS-RXN	15.4414036219
RXN-11737	15.4414036219
RXN-13697	15.4414036219
1.17.4.2-RXN	15.4013665725
RXN-21262	15.4013665725
RXN-21263	15.4013665725
RXN-21264	15.4013665725
RXN-21265	15.4013665725
RXN0-5189	15.3821822379
RXN-11638	15.3661483213
PDXJ-RXN	15.3545848071
OROTPDECARB-RXN	15.2094125212
3.1.3.16-RXN	15.1232149105
IMPCYCLOHYDROLASE-RXN	15.0714973870
AICARSYN-RXN	15.0711930711
AMPSYN-RXN	15.0711930711
RXN-16820	15.0005749644
RXN-18693	15.0005749644
RXN0-2023	15.0005749644
NUCLEOTIDE-PYROPHOSPHATASE-RXN	14.9865659237
RXN-14139	14.9865659237
RXN-14140	14.9865659237
RXN0-384	14.9865659237
RXN0-385	14.9865659237
RXN0-5107	14.9865659237
3.2.1.8-RXN	14.9564676059
RXN-15294	14.9035250902
RIBULOSE-BISPHOSPHATE-CARBOXYLASE-RXN	14.8993661054
RXN0-6366	14.8677419848
ALANINE-DEHYDROGENASE-RXN	14.8649987108
2.5.1.19-RXN	14.8298513388
ENOYL-COA-HYDRAT-RXN	14.7181588172
METHYLACYLYLCOA-HYDROXY-RXN	14.7181588172
RXN-12567	14.7181588172
RXN-13616	14.7181588172
RXN-14266	14.7181588172
RXN-14272	14.7181588172
RXN-14273	14.7181588172
RXN-16135	14.7181588172
RXN-16558	14.7181588172
RXN-17114	14.7181588172
RXN-17475	14.7181588172
RXN-17776	14.7181588172
RXN-17780	14.7181588172
RXN-17785	14.7181588172
RXN-17789	14.7181588172
RXN-17793	14.7181588172
RXN-17797	14.7181588172
RXN-20675	14.7181588172
RXN-20678	14.7181588172
RXN-21223	14.7181588172
RXN-21755	14.7181588172
RXN-21759	14.7181588172
RXN-21766	14.7181588172
RXN-21779	14.7181588172
RXN-21780	14.7181588172
RXN-21781	14.7181588172
RXN-2425	14.7181588172
RXN0-5393	14.7181588172
TIGLYLCOA-HYDROXY-RXN	14.7181588172
ADENYL-KIN-RXN	14.6376031076
2PGADEHYDRAT-RXN	14.4668265607
RIBOFLAVIN-SYN-RXN	14.4106541676
GLYOXI-RXN	14.3933275918
GTP-CYCLOHYDRO-II-RXN	14.3835083922
1.5.1.20-RXN	14.3700718242
RXN-11837	14.3254936416
FGAMSYN-RXN	14.2689005784
RXN-11578	14.2676582560
F16BDEPHOS-RXN	14.2620736183
LUMAZINESYN-RXN	14.1436174502
UDP-NACMURALA-GLU-LIG-RXN	14.0754291050
ERYTHRON4PDEHYDROG-RXN	14.0661275272
RXN-17809	14.0601077363
QUINOLINATE-SYNTHA-RXN	14.0570019359
PROPIONYL-COA-CARBOXY-RXN	13.9930179737
RXN1G-4355	13.9930179737
RXN-11633	13.9689299744
LINOLENOYL-RXN	13.9361100676
R223-RXN	13.9361100676
RXN-12184	13.9361100676
RXN-12978	13.9361100676
RXN-13290	13.9361100676
RXN-13614	13.9361100676
RXN-16380	13.9361100676
RXN-16389	13.9361100676
RXN-16393	13.9361100676
RXN-16401	13.9361100676
RXN-16402	13.9361100676
RXN-16418	13.9361100676
RXN-19751	13.9361100676
RXN-19960	13.9361100676
RXN-20651	13.9361100676
RXN-21443	13.9361100676
RXN-21445	13.9361100676
RXN-21446	13.9361100676
RXN-21447	13.9361100676
RXN-21448	13.9361100676
RXN-21449	13.9361100676
RXN-21450	13.9361100676
RXN-7904	13.9361100676
RXN-9623	13.9361100676
RXN-9644	13.9361100676
RXN-9673	13.9361100676
RXN0-7238	13.9361100676
RXN0-7239	13.9361100676
RXN0-7248	13.9361100676
RXN66-469	13.9361100676
RXN66-477	13.9361100676
RXN66-480	13.9361100676
RXN66-483	13.9361100676
RXN66-484	13.9361100676
TRANS-RXN0-623	13.9361100676
RXN-14569	13.8851297761
DALADALALIG-RXN	13.8620617858
HISTAMINOTRANS-RXN	13.7474766534
RXN-12588	13.6360331458
RXN-14385	13.6360331458
RXN-15881	13.6360331458
RXN-20037	13.6360331458
RXN-21560	13.6360331458
RXN-21566	13.6360331458
RXN-9787	13.6360331458
ARYLSULFAT-RXN	13.6049310566
RXN-20165	13.6049310566
D-PPENTOMUT-RXN	13.5961530218
PPENTOMUT-RXN	13.5961530218
SHIKIMATE-5-DEHYDROGENASE-RXN	13.5854119277
PHOSPHAGLYPSYN-RXN	13.5845156379
ACETOLACTREDUCTOISOM-RXN	13.5542425265
ACETOOHBUTREDUCTOISOM-RXN	13.5542425265
RIBOKIN-RXN	13.5459253263
IGPSYN-RXN	13.5240226501
RXN-14570	13.4980820235
PANTOATE-BETA-ALANINE-LIG-RXN	13.4816203326
N-ACETYLGLUTPREDUCT-RXN	13.4705089313
RXN-15006	13.4705089313
TRIOSEPISOMERIZATION-RXN	13.4695124668
GLYOXII-RXN	13.4481289794
RXN-7919	13.4481289794
RXN0-20	13.4473294413
DLACTDEHYDROGNAD-RXN	13.4323035737
CDPDIGLYSYN-RXN	13.4079530870
RXN-20524	13.4079530870
RXN0-5515	13.4079530870
PEPDEPHOS-RXN	13.1030404566
RXN-14117	13.1030404566
RXN-14192	13.1030404566
RXN-14207	13.1030404566
3.6.3.52-RXN	13.0468299823
PYROGLUTAMYL-PEPTIDASE-I-RXN	12.9975687438
RXN-14461	12.9765191879
NAD-KIN-RXN	12.7845964056
CHLORAMPHENICOL-O-ACETYLTRANSFERASE-RXN	12.7665919310
GLYRIBONUCSYN-RXN	12.7314736418
RXN-7668	12.7036218931
ISPH2-RXN	12.6730938065
RXN0-884	12.6730938065
GCVP-RXN	12.6652244436
PRAISOM-RXN	12.3917267163
GALACTOACETYLTRAN-RXN	12.3027444690
NADPYROPHOSPHAT-RXN	12.2606559483
RXN0-4401	12.2606559483
2-OXOGLUTARATE-SYNTHASE-RXN	12.2583499613
4-CARBOXYMUCONOLACTONE-DECARBOXYLASE-RXN	12.1887400734
RXN-15025	12.1152108089
RXN0-7078	12.1152108089
ADENPHOSPHOR-RXN	12.0367788491
DEOXYADENPHOSPHOR-RXN	12.0367788491
DEOXYGUANPHOSPHOR-RXN	12.0367788491
DEOXYINOPHOSPHOR-RXN	12.0367788491
INOPHOSPHOR-RXN	12.0367788491
PNP-RXN	12.0367788491
RXN-11715	12.0367788491
RXN-11743	12.0367788491
RXN-14029	12.0367788491
RXN-7001	12.0367788491
XANTHOSINEPHOSPHORY-RXN	12.0367788491
PYRUVATE-DEHYDROGENASE-NADP+-RXN	12.0220096171
METHYLENETHFDEHYDROG-NADP-RXN	12.0219584737
PRTRANS-RXN	11.8722788771
ADPREDUCT-RXN	11.8389328041
CDPREDUCT-RXN	11.8389328041
GDPREDUCT-RXN	11.8389328041
RIBONUCLEOSIDE-DIP-REDUCTI-RXN	11.8389328041
RIBONUCLEOSIDE-DIP-REDUCTII-RXN	11.8389328041
RXN0-722	11.8389328041
RXN0-747	11.8389328041
RXN0-748	11.8389328041
UDPREDUCT-RXN	11.8389328041
AKBLIG-RXN	11.8311707562
RXN-11290	11.8277358233
2.7.7.33-RXN	11.7816120025
UGD-RXN	11.7093989774
ARGSUCCINLYA-RXN	11.6565516139
RXN-22	11.6565516139
RXN0-4522	11.6520162323
TRANS-RXN0-202	11.6520162323
PABASYN-RXN	11.6130322511
DIHYDROFOLATEREDUCT-RXN	11.6057871812
RXN-18357	11.6057871812
RXN-19329	11.6057871812
3.4.21.107-RXN	11.5801525407
CPM-KDOSYNTH-RXN	11.5665726178
RXN-16060	11.5443463143
RXN-10759	11.5423136281
RXN-10760	11.5423136281
RXN-14173	11.5423136281
RXN-14174	11.5423136281
UDPMANNACADEHYDROG-RXN	11.4361530446
H2PTEROATESYNTH-RXN	11.4124123560
RXN-19792	11.4034997934
RXN-2103	11.4034997934
3.2.1.3-RXN	11.3764299020
RXN-9024	11.3764299020
1.15.1.2-RXN	11.3319242970
3.4.16.4-RXN	11.3037048168
RXN-11065	11.3037048168
RXN-11302	11.3037048168
RXN-11351	11.3037048168
RXN-16649	11.3037048168
RXN-16659	11.3037048168
RXN-19249	11.3037048168
RXN-19253	11.3037048168
RXN-19256	11.3037048168
RXN-15087	11.2732190377
RXN-15162	11.2732190377
RXN-15164	11.2732190377
RXN-15165	11.2732190377
TRANS-RXN-165	11.2732190377
TRANS-RXN-167A	11.2732190377
RIBOPHOSPHAT-RXN	11.2326537117
5-DEHYDRO-2-DEOXYGLUCONOKINASE-RXN	11.2011313987
GDPMANDEHYDRA-RXN	11.1897139675
GLYCOPHOSPHORYL-RXN	11.1501055223
GLYMALTOPHOSPHORYL-RXN	11.1501055223
RXN-12171	11.1501055223
RXN-12392	11.1501055223
RXN-14284	11.1501055223
RXN-14285	11.1501055223
RXN-14286	11.1501055223
RXN-14353	11.1501055223
RXN-1826	11.1501055223
RXN-21092	11.1501055223
RXN-9025	11.1501055223
RXN0-5182	11.1501055223
RXN0-5184	11.1501055223
ATPPHOSPHORIBOSYLTRANS-RXN	11.1446836447
3.4.14.5-RXN	11.0909864158
RXN-11840	10.9863561090
PANTEPADENYLYLTRAN-RXN	10.9783532965
SUGAR-PHOSPHATASE-RXN	10.9131797229
3.1.13.1-RXN	10.8513961978
RXN0-4222	10.8513961978
RXN0-6479	10.8513961978
RXN0-6524	10.8513961978
RXN0-6525	10.8513961978
ADENOSYLHOMOCYSTEINE-NUCLEOSIDASE-RXN	10.8505678846
RXN0-6550	10.8505678846
ARGDECARBOX-RXN	10.8327844523
HISTCYCLOHYD-RXN	10.8285657864
7KAPSYN-RXN	10.7955233608
RXN-11484	10.7955233608
PSERPHOSPHA-RXN	10.7706724990
RXN0-5114	10.7706724990
RXN-9591	10.7303751649
RXN-12480	10.7164442163
RIBOSYLHOMOCYSTEINASE-RXN	10.6237003363
2.3.1.41-RXN	10.6221161661
RXN-20947	10.6221161661
RXN-9632	10.6221161661
RXN-9648	10.6221161661
RXN-9650	10.6221161661
RXN-9651	10.6221161661
RXN-9652	10.6221161661
RXN-9653	10.6221161661
RXN-9654	10.6221161661
RXN1G-368	10.6221161661
RXN1G-445	10.6221161661
3.2.1.135-RXN	10.5968837218
RXN-20784	10.5451263377
TETRAACYLDISACC4KIN-RXN	10.5451263377
ASPARTATEKIN-RXN	10.5148650663
HISTIDINE-AMMONIA-LYASE-RXN	10.4646124055
DARAB5PISOM-RXN	10.4598124349
DIAMINOPIMEPIM-RXN	10.4590813181
XANPRIBOSYLTRAN-RXN	10.4573118780
H2PTERIDINEPYROPHOSPHOKIN-RXN	10.4560713935
RXN-15733	10.4560713935
HYDROXYLAMINE-REDUCTASE-RXN	10.4319509411
2-NITROPROPANE-DIOXYGENASE-RXN	10.3814751989
RXN-16322	10.3814751989
RXN-20787	10.3737555748
UDPHYDROXYMYRGLUCOSAMNACETYLTRANS-RXN	10.3737555748
2.4.1.54-RXN	10.3612728961
L-ASPARTATE-OXID-RXN	10.3533571506
RXN-10819	10.3501315780
1.1.1.274-RXN	10.3213449670
TRANS-RXN-276	10.3082512252
ABC-56-RXN	10.2845341982
HISTIDPHOS-RXN	10.2563468612
3.4.13.20-RXN	10.1799612343
RXN-19944	10.1799612343
PNKIN-RXN	10.1544201468
PYRAMKIN-RXN	10.1544201468
PYRIDOXKIN-RXN	10.1544201468
2.7.3.9-RXN	10.1300525543
3.4.19.11-RXN	10.1094372937
RXN-11839	10.0739129580
3.1.11.2-RXN	10.0682444976
CITLY-RXN	10.0652003128
2.3.1.184-RXN	10.0358808048
RXN-10020	10.0358808048
RXN-10022	10.0358808048
RXN-10023	10.0358808048
RXN-10024	10.0358808048
RXN-10025	10.0358808048
RXN-10026	10.0358808048
RXN-8999	9.9624199418
RXN-11361	9.9482318047
RXN-14992	9.9312127033
DTDPDEHYDRHAMEPIM-RXN	9.9179213927
RXN-12402	9.9056978660
RXN0-5001	9.9056978660
UDP-NACMUR-ALA-LIG-RXN	9.9047557755
RXN-13191	9.9022088595
QOR-RXN	9.9009900990
RXN-8001	9.8938084369
FUMHYDR-RXN	9.8815814888
1.2.7.7-RXN	9.8564520325
2-OXOBUTYRATE-SYNTHASE-RXN	9.8564520325
RXN-19503	9.8564520325
RXN-19534	9.8564520325
IMIDAZOLONEPROPIONASE-RXN	9.8232963436
RXN-14338	9.8224955047
3.4.13.18-RXN	9.6566769636
RXN-6622	9.6566769636
RXN0-6974	9.6566769636
RXN0-6975	9.6566769636
RXN0-6976	9.6566769636
RXN0-6977	9.6566769636
RXN0-6978	9.6566769636
RXN0-6979	9.6566769636
RXN0-6980	9.6566769636
RXN0-6981	9.6566769636
RXN0-6982	9.6566769636
RXN0-6983	9.6566769636
RXN0-6984	9.6566769636
RXN0-6985	9.6566769636
RXN0-6987	9.6566769636
RXN0-6988	9.6566769636
NQOR-RXN	9.6381409707
RXN-12303	9.6381409707
RXN-19671	9.6381409707
RXN1YI0-16	9.6381409707
RXN-14116	9.6287556450
UROCANATE-HYDRATASE-RXN	9.5949330986
OROPRIBTRANS-RXN	9.5901779933
RXN0-5063	9.5746856275
BETA-GLUCURONID-RXN	9.5257031177
RXN-15289	9.5257031177
RXN-15291	9.5257031177
ADENINE-DEAMINASE-RXN	9.4706818964
5-FORMYL-THF-CYCLO-LIGASE-RXN	9.4145061606
PREPHENATEDEHYDRAT-RXN	9.3725362404
CHORISMATE-SYNTHASE-RXN	9.3614613099
1.2.7.8-RXN	9.3576457973
4OH2OXOGLUTARALDOL-RXN	9.3467754113
RXN-7682	9.3108260951
RXN-8751	9.3108260951
RXN-8752	9.3108260951
RXN-8753	9.3108260951
RXN0-901	9.3108260951
RXN-11749	9.2855484218
BETA-PHOSPHOGLUCOMUTASE-RXN	9.2547003201
6-PHOSPHO-BETA-GLUCOSIDASE-RXN	9.2165229404
RXN0-6994	9.2165229404
RXN0-7002	9.2165229404
BUTYRYL-COA-DEHYDROGENASE-RXN	9.1744084276
PROPCOASYN-RXN	9.1744084276
RXN-13449	9.1744084276
GSHTRAN-RXN	9.1642176718
GST-RXN	9.1642176718
RXN-11663	9.1642176718
RXN-13673	9.1642176718
RXN-15680	9.1642176718
RXN-18405	9.1642176718
RXN-18407	9.1642176718
RXN-19573	9.1642176718
RXN-19600	9.1642176718
RXN-19601	9.1642176718
RXN-19610	9.1642176718
RXN-19611	9.1642176718
RXN-19626	9.1642176718
RXNQT-4363	9.1642176718
L-IDITOL-2-DEHYDROGENASE-RXN	9.1527001352
RXN-7644	9.1527001352
RXN-13403	9.0301684449
3.6.1.17-RXN	8.9893890864
RXN-11602	8.9826901274
OROTATE-REDUCTASE-NADH-RXN	8.9789635684
3.4.13.9-RXN	8.9600277767
RXN-11598	8.9551922409
GUANPRIBOSYLTRAN-RXN	8.9211079069
HYPOXANPRIBOSYLTRAN-RXN	8.9211079069
GLUTRACE-RXN	8.8969952117
3.4.21.105-RXN	8.8937135171
RXN-15123	8.8524460964
RXN-15127	8.8524460964
PYRROLINECARBREDUCT-RXN	8.8192867682
RXN66-546	8.8192867682
RXN-14014	8.7959134338
DEOXYRIBOSE-P-ALD-RXN	8.7559207044
RIBULPEPIM-RXN	8.7279851387
RIBULP3EPIM-RXN	8.7247462570
RXN0-2161	8.6127321917
SERINE--TRNA-LIGASE-RXN	8.6127321917
RXN-9929	8.6105262301
ASPARTASE-RXN	8.5860639379
2.7.9.3-RXN	8.5805865505
RIBULOKIN-RXN	8.5280800944
RXN0-5116	8.5280800944
ALPHA-L-FUCOSIDASE-RXN	8.5224711099
RXN-19378	8.5224711099
RXN-19379	8.5224711099
RXN-21816	8.5224711099
RXN197R-54	8.5224711099
FPPSYN-RXN	8.5017973580
RXN-17121	8.4586809283
SPERMIDINESYN-RXN	8.4464821019
GSAAMINOTRANS-RXN	8.2784828230
GLUCONATE-5-DEHYDROGENASE-RXN	8.2744865782
PHOSMANMUT-RXN	8.2681732077
GCVT-RXN	8.2271581520
RXN-12104	8.2142484117
PRPPAMIDOTRANS-RXN	8.1919713398
AMYLOMALT-RXN	8.1764692249
RXN-12193	8.1764692249
RXN-12391	8.1764692249
RXN-14260	8.1764692249
RXN-14261	8.1764692249
RXN-14354	8.1764692249
RXN-1828	8.1764692249
RXN-9023	8.1764692249
OHMETPYRKIN-RXN	8.1377476545
ASPCARBTRANS-RXN	8.1214313286
TRANS-RXN-236	8.1053382048
2.1.1.77-RXN	8.0728145474
3.2.1.99-RXN	8.0502920586
5.3.1.17-RXN	8.0333268698
MANNPGUANYLTRANGDP-RXN	8.0198232241
RXN-12979	8.0000000000
RXN-9290	8.0000000000
2.4.1.211-RXN	7.9505183832
D-LYXOSE-KETOL-ISOMERASE-RXN	7.9222659172
RXN-11734	7.9197032833
RXN-13615	7.9197032833
RXN-14229	7.9197032833
RXN-14262	7.9197032833
RXN-14278	7.9197032833
RXN1G01-39	7.9197032833
RXN1G01-40	7.9197032833
CYTIDEAM-RXN	7.9057092186
CYTIDEAM2-RXN	7.9057092186
MANNONDEHYDRAT-RXN	7.8915897025
6.3.5.7-RXN	7.8825125245
GART-RXN	7.8812842954
TSA-REDUCT-RXN	7.8740157480
PGLYCDEHYDROG-RXN	7.8668294808
DEPHOSPHOCOAKIN-RXN	7.8614351544
PYRIMSYN3-RXN	7.8164338760
BIOTINLIG-RXN	7.7886029607
RXN0-7192	7.7886029607
RXN-9297	7.7683376285
PHOSPHASERSYN-RXN	7.7617065233
RXN-12610	7.7558605932
RXN-12611	7.7558605932
THI-P-SYN-RXN	7.7558605932
RXN-14142	7.7410937546
RXN-14143	7.7410937546
RXN-14161	7.7410937546
RXN0-3741	7.7410937546
RXN0-5292	7.7410937546
DMBPPRIBOSYLTRANS-RXN	7.7099771252
RXN-19295	7.7099771252
RXN-19298	7.7099771252
RXN-19299	7.7099771252
RXN-19300	7.7099771252
RXN-19301	7.7099771252
RXN-19306	7.7099771252
RXN-19316	7.7099771252
RXN0-3521	7.7048712091
1.6.4.4-RXN	7.6858750932
RXN0-2661	7.6693717933
RXN-11600	7.6418036788
RXN0-5298	7.6026546563
RXN-14189	7.5921536433
RXN66-1	7.5921536433
BRANCHED-CHAINAMINOTRANSFERILEU-RXN	7.5896467269
BRANCHED-CHAINAMINOTRANSFERVAL-RXN	7.5896467269
RXN-13037	7.5581639167
RXN0-947	7.5581639167
L-RHAMNOSE-1-DEHYDROGENASE-RXN	7.5187969925
THIAZOLSYN2-RXN	7.5122529472
RXN-13179	7.4854802742
RXN-11845	7.4616162564
DIHYDRODIPICSYN-RXN	7.4584768443
RXN-16788	7.4273300748
RXN-19310	7.4273300748
RXN-19313	7.4273300748
RXN-19314	7.4273300748
RXN-19315	7.4273300748
RXN-19319	7.4273300748
RXN-19320	7.4273300748
RXN-19322	7.4273300748
RXN-19323	7.4273300748
RXN-19324	7.4273300748
RXN-19326	7.4273300748
RXN-8770	7.4273300748
CITC-RXN	7.4228251136
RXN-9092	7.4119899506
NITRATE-REDUCTASE-CYTOCHROME-RXN	7.4058277033
DIHYDROOROT-RXN	7.3618219983
2-DEHYDROPANTOATE-REDUCT-RXN	7.3476654127
THIAZOLSYN3-RXN	7.3413883716
NAD-SYNTH-NH3-RXN	7.3346502325
FOLYLPOLYGLUTAMATESYNTH-RXN	7.3058908219
FORMYLTHFGLUSYNTH-RXN	7.3058908219
RXN-6341	7.3058908219
RXN0-2921	7.3058908219
MANNPISOM-RXN	7.2849914736
THIAMIN-PYROPHOSPHOKINASE-RXN	7.2614236952
RXN-15138	7.2225625710
1.11.1.15-RXN	7.2207664203
RXN0-267	7.2207664203
TEICHOICSYN5-RXN	7.2074643051
3.2.1.14-RXN	7.1712544816
RXN-10837	7.1696690831
RXN-9382	7.1696690831
DIAMACTRANS-RXN	7.1670469997
RXN-0	7.1670469997
RXN-19536	7.1670469997
RXN-9939	7.1670469997
RXN0-7165	7.1670469997
SPERMACTRAN-RXN	7.1670469997
LYSINE-23-AMINOMUTASE-RXN	7.1651275657
1.12.1.3-RXN	7.1651269797
HYDROG-RXN	7.1497931221
N-ACETYLDIAMINOPIMELATE-DEACETYLASE-RXN	7.1453794866
N-ACETYLTRANSFER-RXN	7.1244796236
RXN0-6948	7.1244796236
RXN-20788	7.0926579259
UDPACYLGLCNACDEACETYL-RXN	7.0926579259
RXN-12093	7.0243652261
DIAMINOPIMDECARB-RXN	6.9610423696
3.4.14.12-RXN	6.9124260187
ACETYLORNTRANSAM-RXN	6.9071319754
RXN-15007	6.9071319754
4.1.1.82-RXN	6.8406809089
TRANS-RXN-194	6.8304095723
RXN-14047	6.8110594442
RXN-11319	6.8107727223
GALACTOKIN-RXN	6.7991028833
RXN-18197	6.7693525375
RXN-2202	6.7693525375
RXNQT-4163	6.7693525375
RXNQT-4166	6.7693525375
RXNQT-4169	6.7693525375
RXNQT-4172	6.7693525375
RXNQT-4175	6.7693525375
3-DEHYDROQUINATE-SYNTHASE-RXN	6.7648438419
PEROXID-RXN	6.7567567568
RXN-14240	6.7567567568
RXN-15288	6.7567567568
RXN-17352	6.7567567568
RXN-19129	6.7567567568
RXN-8635	6.7567567568
FATTY-ACYL-COA-SYNTHASE-RXN	6.7240039673
RXN-10059	6.7240039673
RXN-10060	6.7240039673
RXN-10061	6.7240039673
RXN-10062	6.7240039673
RXN-20769	6.7240039673
RXN-20770	6.7240039673
RXN-21719	6.7240039673
RXN-21720	6.7240039673
RXN-21721	6.7240039673
RXN-21722	6.7240039673
RXN-21723	6.7240039673
RXN-21724	6.7240039673
RXN-21725	6.7240039673
RXN-21726	6.7240039673
RXN1G-499	6.7240039673
RXN1G-508	6.7240039673
RXN1G-517	6.7240039673
RXN1G-526	6.7240039673
RXN1G-536	6.7240039673
RXN3O-1803	6.7240039673
RXN3O-5293	6.7240039673
RXN3O-5304	6.7240039673
RXN-8668	6.6751780187
ASNSYNB-RXN	6.6491593527
HOMOCYSMET-RXN	6.6112944115
RXN-12730	6.6112944115
2.1.3.9-RXN	6.6101279077
METHIONYL-TRNA-FORMYLTRANSFERASE-RXN	6.6064663288
2.5.1.64-RXN	6.6006931774
FUCISOM-RXN	6.5819191612
THI-P-KIN-RXN	6.5797897438
SULFITE-REDUCT-RXN	6.5347763215
3-OXOACID-COA-TRANSFERASE-RXN	6.4903585209
RXNI-2	6.4903585209
OXALOACETATE-TAUTOMERASE-RXN	6.4827990163
ALCOHOL-DEHYDROGENASE-NADPORNOP+-RXN	6.4737319576
ENZRXN-201-RXN	6.4737319576
RXN-10717	6.4737319576
RXN-12299	6.4737319576
RXN-12484	6.4737319576
RXN-14023	6.4737319576
RXN0-7154	6.4737319576
DAHPSYN-RXN	6.4550043490
NICOTINATEPRIBOSYLTRANS-RXN	6.4530640618
THRESYN-RXN	6.4406394643
2.1.1.131-RXN	6.3930716775
HOMOSERDEHYDROG-RXN	6.3853174755
TRNA-CYTIDYLYLTRANSFERASE-RXN	6.3849311992
2.4.1.117-RXN	6.3501372607
PEPSYNTH-RXN	6.3393364929
DIPHOSPHOMEVALONTE-DECARBOXYLASE-RXN	6.3291139241
NMNAMIDOHYDRO-RXN	6.3141610679
MYO-INOSITOL-1-KINASE-RXN	6.2893081761
AMP-NUCLEOSID-RXN	6.2854289658
ALKYLGLYCERONE-PHOSPHATE-SYNTHASE-RXN	6.2649152867
RXN0-6512	6.2500000000
RXN-8340	6.2446027634
6.1.1.23-RXN	6.2260613011
RXN490-3616	6.2260613011
RIBOFLAVINKIN-RXN	6.2186143907
RXN-18510	6.2186143907
RXN0-1483	6.2126000170
BIOTIN-CARBOXYL-RXN	6.2086905425
RXN-9590	6.1877421347
RXN-11593	6.0978500952
QUERCETIN-23-DIOXYGENASE-RXN	6.0775474005
NITRIC-OXIDE-SYNTHASE-RXN	6.0606556304
3.4.15.5-RXN	6.0487649757
GLUTAMIDOTRANS-RXN	6.0212699406
RXN-19748	6.0051281991
PRODISULFREDUCT-RXN	5.9880239521
RXN-19629	5.9880239521
PHOSPHOLIPASE-A1-RXN	5.9838858067
RXN-12430	5.9838858067
RXN-20559	5.9838858067
RXN-20560	5.9838858067
RXN0-6952	5.9838858067
1.8.1.4-RXN	5.9719229115
RXN-7716	5.9719229115
RXN-7719	5.9719229115
RXN-8629	5.9719229115
RXN0-1132	5.9719229115
CARBAMATE-KINASE-RXN	5.9644944565
ADOMET-DMK-METHYLTRANSFER-RXN	5.9595517948
RXN-11046	5.9595517948
RXN-14177	5.9595517948
RXN-19667	5.9595517948
RXN-9191	5.9595517948
RXN-9205	5.9595517948
RXN-9220	5.9595517948
RXN-9361	5.9595517948
RXN-9362	5.9595517948
RXN-9363	5.9595517948
RXN-9366	5.9595517948
PYRUVATE-CARBOXYLASE-RXN	5.9559967818
RXN-14089	5.9533564974
QUINOPRIBOTRANS-RXN	5.9426426745
DARABISOM-RXN	5.9292874688
RXN-14969	5.9292874688
GLYCPDIESTER-RXN	5.9259481357
RXN-14073	5.9259481357
RXN-14136	5.9259481357
RXN-20556	5.9259481357
RXN-20557	5.9259481357
4.99.1.3-RXN	5.9168770617
RXN0-5359	5.8864529646
2.7.7.13-RXN	5.8636688407
RXN-9011	5.8283139455
R15-RXN	5.8064046495
RXN-14147	5.8064046495
RXN-8769	5.7988849229
ISOCHORSYN-RXN	5.7731045546
3.1.1.64-RXN	5.7692035867
CARBOXYLESTERASE-RXN	5.7692035867
RETINYL-PALMITATE-ESTERASE-RXN	5.7692035867
RXN-10711	5.7692035867
RXN-10767	5.7692035867
RXN-12252	5.7692035867
RXN-12575	5.7692035867
RXN18C3-61	5.7692035867
RXNQT-4366	5.7692035867
1.3.99.16-RXN	5.7517107967
ALTRO-OXIDOREDUCT-RXN	5.7419700041
TRANS-RXN-334	5.7104013494
5.3.4.1-RXN	5.6818181818
2.3.1.89-RXN	5.6784562025
DIMETHUROPORDEHYDROG-RXN	5.6463438085
MALIC-NADP-RXN	5.6453194425
RXN-8891	5.6112822415
NADPH-DEHYDROGENASE-RXN	5.5920113314
RXN0-4641	5.5880541872
LIPIDADISACCHARIDESYNTH-RXN	5.5827176484
RXN-20785	5.5827176484
1.1.1.292-RXN	5.5573234159
3.4.25.1-RXN	5.5362326271
GLUTATHIONE-PEROXIDASE-RXN	5.5329496187
2.7.7.60-RXN	5.5318042295
3.4.24.70-RXN	5.5248618785
RXN-9935	5.5242459924
ALCOHOL-DEHYDROG-GENERIC-RXN	5.5224478836
ALCOHOL-DEHYDROG-RXN	5.5224478836
RXN-10781	5.5224478836
RXN-10911	5.5224478836
RXN-10915	5.5224478836
RXN-12448	5.5224478836
RXN-13198	5.5224478836
RXN-5424	5.5224478836
RXN-7657	5.5224478836
RXN-7693	5.5224478836
RXN-7694	5.5224478836
RXN-7700	5.5224478836
RXN-7706	5.5224478836
RXN3O-4113	5.5224478836
RXN66-478	5.5224478836
3.4.11.6-RXN	5.4158841038
HOMOCYSTEINE-DESULFHYDRASE-RXN	5.3922317834
3.2.1.78-RXN	5.3880635373
LONG-CHAIN-ALCOHOL-DEHYDROGENASE-RXN	5.3609118854
3.4.24.75-RXN	5.3598213558
NAD-SYNTH-GLN-RXN	5.3479955730
CARBODEHYDRAT-RXN	5.2777412735
RXN0-5224	5.2777412735
3.2.2.23-RXN	5.2315305252
RXN-18435	5.2315305252
RXN-21266	5.2315305252
ATP-ADENYLYLTRANSFERASE-RXN	5.2289815448
CELLULOSE-SYNTHASE-UDP-FORMING-RXN	5.2177051087
ACETATE--COA-LIGASE-RXN	5.1963056087
RXN-18446	5.1963056087
RXN-18447	5.1963056087
RXN-18448	5.1963056087
GLUTAMATE-DEHYDROGENASE-RXN	5.1841903388
2.7.1.90-RXN	5.1447877874
RXN-21730	5.1447877874
RXN-11834	5.1439043820
RXN-11574	5.1193884004
ADP-RIBOSYLARGININE-HYDROLASE-RXN	5.1027513934
RXN-8732	5.1027513934
4.3.1.4-RXN	5.0895484708
GLUC1PADENYLTRANS-RXN	5.0879287435
MYO-INOSITOL-1-PHOSPHATE-SYNTHASE-RXN	5.0625407288
RXN66-579	5.0625407288
RHAMNISOM-RXN	5.0570521109
3.2.1.165-RXN	5.0421142144
RXN-14249	5.0366542513
THREODEHYD-RXN	5.0366542513
RXN-11591	5.0339682151
GLUTACONATE-COA-TRANSFERASE-RXN	5.0170986772
RXN-1082	5.0170986772
RXN-15204	4.9868287253
RXN-11836	4.9751243781
PHOSPHASERDECARB-RXN	4.9687431136
TRANS-RXN-250	4.9462295558
3.2.1.96-RXN	4.9419915817
RXN0-5055	4.9362228349
3.1.1.74-RXN	4.9161281535
TRANS-RXN-332	4.9157294401
PYRIDOXINE-4-DEHYDROGENASE-RXN	4.8968485154
GABATRANSAM-RXN	4.8937339136
ACETYL-COA-CARBOXYLTRANSFER-RXN	4.8815202121
RXN0-6710	4.8812250569
RXN-13277	4.8780487805
RXN-11601	4.8758098220
1.2.4.4-RXN	4.8576902025
KETOISOCAPROATE-RXN	4.8576902025
METHYLVALERATE-RXN	4.8576902025
IMIDPHOSDEHYD-RXN	4.8406236246
LEUCYLTRANSFERASE-RXN	4.8404378050
RXN-17846	4.8404378050
RXN-17847	4.8404378050
RXN-17848	4.8404378050
METHYLMALONYL-COA-EPIM-RXN	4.8076923077
RXN-16391	4.8076923077
--LIMONENE-6-MONOOXYGENASE-RXN	4.8070924285
ACYLACPSYNTH-RXN	4.8032344082
RXN-13266	4.8032344082
RXN-13267	4.8032344082
RXN-13268	4.8032344082
AMIDASE-RXN	4.7964875034
GUANIDINOBUTANAMIDE-NH3-RXN	4.7964875034
PYRAZIN-RXN	4.7964875034
R311-RXN	4.7964875034
RXN-14727	4.7964875034
RXN-14728	4.7964875034
RXN-17608	4.7964875034
RXNN-404	4.7964875034
RXN-15202	4.7776282609
RXN0-4341	4.7758457573
RXN-16061	4.7748396573
RXN-16062	4.7748396573
MANNURONATE-REDUCTASE-RXN	4.7570881812
R4-RXN	4.7548044794
1.8.4.14-RXN	4.7134363327
PGPPHOSPHA-RXN	4.7060469040
RXN-13313	4.7060469040
ASPARTATE-SEMIALDEHYDE-DEHYDROGENASE-RXN	4.6897707931
5.4.1.2-RXN	4.6808155956
SUCCDIAMINOPIMDESUCC-RXN	4.6733047890
FADSYN-RXN	4.6730193366
RXN-18511	4.6730193366
GLUTDECARBOX-RXN	4.6607781415
PORPHOBILSYNTH-RXN	4.6198247027
ORNITHINE--OXO-ACID-AMINOTRANSFERASE-RXN	4.6113293781
ORNITHINE-GLU-AMINOTRANSFERASE-RXN	4.6113293781
ACECOATRANS-RXN	4.6104036686
R8-RXN	4.6104036686
RXN-15727	4.6104036686
3.2.1.136-RXN	4.5717442280
RXN-12344	4.5717442280
DIHYDLIPACETRANS-RXN	4.5662100457
RXN0-1133	4.5662100457
RXN-19782	4.5596537534
RXN-2102	4.5596537534
RXN-8348	4.5315827423
CDP-GLUCOSE-46-DEHYDRATASE-RXN	4.5014995432
3.2.1.82-RXN	4.4807367905
LEGHEMOGLOBIN-REDUCTASE-RXN	4.4642857143
RXN-9778	4.4432399743
RXN-14377	4.4041783854
RXN-3962	4.4041783854
RXN-11691	4.3859649123
MERCURY-II-REDUCTASE-RXN	4.3813449230
DIHYDROURACIL-DEHYDROGENASE-NAD+-RXN	4.3811844871
RXN0-6565	4.3811844871
PRIBFAICARPISOM-RXN	4.3695963370
RXN-11588	4.3459726936
2.1.3.1-RXN	4.3217770733
RXN-19736	4.3192302130
2.6.1.22-RXN	4.2970999201
GLCNACPTRANS-RXN	4.2963096446
COBALAMIN5PSYN-RXN	4.2927640075
COBALAMINSYN-RXN	4.2927640075
RXN-19296	4.2927640075
RXN-19297	4.2927640075
RXN-19302	4.2927640075
RXN-19303	4.2927640075
RXN-19304	4.2927640075
RXN-19305	4.2927640075
RXN-19307	4.2927640075
RXN-19308	4.2927640075
RXN-19318	4.2927640075
GLUTKIN-RXN	4.2919251941
RXN0-6481	4.2918454936
RXN0-6482	4.2918454936
TRNA-NUCLEOTIDYLTRANSFERASE-RXN	4.2918454936
RXN0-6575	4.2790485945
BETA-GLUCOSIDE-KINASE-RXN	4.2717992738
METHIONINE-GAMMA-LYASE-RXN	4.2615421182
RXN-11063	4.2615421182
RXN-11064	4.2615421182
1.8.98.1-RXN	4.2565062113
6PGLUCONOLACT-RXN	4.2523613115
UROGENIIISYN-RXN	4.2381444770
CYCPHOSDIESTER-RXN	4.2218456779
RXN-14064	4.2218456779
RXN-14091	4.2218456779
RXN-14112	4.2218456779
RXN-14113	4.2218456779
UDPSUGARHYDRO-RXN	4.2218456779
2.1.1.74-RXN	4.1924754525
DIENOYLCOAREDUCT-RXN	4.1588394302
RXN-20994	4.1588394302
RXN-20995	4.1588394302
RXN-11891	4.1538282327
RXN-11892	4.1538282327
RXN-15215	4.1538282327
3.1.4.17-RXN	4.1460429985
RXN0-5228	4.1446914390
1.1.1.263-RXN	4.1322314050
RXN-11902	4.1322314050
RXN-17485	4.1322314050
ACETYLORNDEACET-RXN	4.1237996137
RXN-7933	4.1237996137
ACID-PHOSPHATASE-RXN	4.0967508758
KDOTRANS-RXN	4.0828378581
RXN-20790	4.0828378581
KDO-8PPHOSPHAT-RXN	4.0636327142
5-METHYLTHIOADENOSINE-PHOSPHORYLASE-RXN	4.0160642570
RXN-12239	4.0160642570
RXN-14304	4.0160642570
R162-RXN	3.9525691700
LEVANSUCRASE-RXN	3.9412525081
RXN-1803	3.9412525081
RXN-1804	3.9412525081
RXN-9068	3.9412525081
RXN-11236	3.9215686275
RXN-16471	3.9215686275
RXN-21815	3.9215686275
RXN0-3501	3.9215686275
RXN0-6369	3.9215686275
RXN0-7124	3.9215686275
RXN-12444	3.9161115674
CYCLOMALTODEXTRINASE-RXN	3.9151595603
3.2.1.39-RXN	3.9019599690
GALACTURIDYLYLTRANS-RXN	3.8869081323
3.4.21.26-RXN	3.8762019231
3.2.1.25-RXN	3.8615022312
CHOLOYLGLYCINE-HYDROLASE-RXN	3.8441996094
RXN-17388	3.8441996094
CAFFEOYL-COA-O-METHYLTRANSFERASE-RXN	3.8116672025
RXN-21514	3.8116672025
ADENOSYLHOMOCYSTEINASE-RXN	3.8031755034
AGMATINE-DEIMINASE-RXN	3.7933392428
ASNSYNA-RXN	3.7690841015
GLUCARDEHYDRA-RXN	3.7581204822
RXN-11596	3.7463518286
RXN-12366	3.7337322767
RXN-12367	3.7337322767
RXN0-2001	3.7337322767
RXN-8953	3.7174721190
3.1.26.8-RXN	3.7014209896
HISTIDINE-DECARBOXYLASE-RXN	3.6947403485
3.2.1.10-RXN	3.6900416222
4.3.1.14-RXN	3.6818414374
RXN-8992	3.6787167707
IPPISOM-RXN	3.6633056307
3.4.19.12-RXN	3.6550814980
RXN-12014	3.6548585794
MALSYN-RXN	3.6449089432
RXN-18910	3.6372555336
RXN-18911	3.6372555336
RXN-18917	3.6372555336
RXN-18923	3.6372555336
RXN-18924	3.6372555336
RXN-18927	3.6372555336
RXN-18928	3.6372555336
RXN-18930	3.6372555336
RXN-18931	3.6372555336
ASPARTATE-RACEMASE-RXN	3.6363636364
RXN-12673	3.6363636364
RXN-11565	3.6271440598
RXN-11566	3.6271440598
RXN0-2441	3.6231884058
RXN-12174	3.6196706437
RXN-12752	3.6053076628
RXN-13142	3.6053076628
DIACYLGLYKIN-RXN	3.5914851533
3.4.13.21-RXN	3.5906642729
2.8.1.6-RXN	3.5847246576
STREPTOMYCIN-3-ADENYLYLTRANSFERASE-RXN	3.5842293907
DIAMINOPIMELATE-DEHYDROGENASE-RXN	3.5707161461
RXN-8850	3.5211267606
RXN-15298	3.5087719298
GLYCERATE-DEHYDROGENASE-RXN	3.5034556087
MANNONOXIDOREDUCT-RXN	3.4785333597
UREIDOGLYCOLATE-LYASE-RXN	3.4648267587
RXN-8807	3.4520688338
3.4.23.43-RXN	3.4351557287
PHOSPHATE-BUTYRYLTRANSFERASE-RXN	3.4321828661
RXN-8667	3.4246575342
1.1.1.272-RXN	3.4230213480
RXN-13719	3.4230213480
RXN-17525	3.4230213480
3.1.13.5-RXN	3.4128100554
RXN0-6483	3.4128100554
RXN0-6484	3.4128100554
D-THREO-ALDOSE-1-DEHYDROGENASE-RXN	3.3716198290
RNA-3-PHOSPHATE-CYCLASE-RXN	3.3670033670
3.2.1.156-RXN	3.3567170839
ALPHAALPHA-TREHALOSE-PHOSPHORYLASE-RXN	3.3540044985
RXN-12462	3.3444816054
RXN-14571	3.3425935968
5.1.3.20-RXN	3.3333333333
UDP-GLUCURONATE-DECARBOXYLASE-RXN	3.3322239308
RXN-13274	3.3318590538
RXN1G-1435	3.3244068926
RXN1G-1436	3.3244068926
RXN1G-1437	3.3244068926
RXN1G-1438	3.3244068926
RXN1G-1439	3.3244068926
TREHALOSEPHOSPHA-RXN	3.3244068926
RXN-12463	3.3112582781
RXN-12977	3.2958740938
D--TARTRATE-DEHYDRATASE-RXN	3.2954751931
RXN-13908	3.2894736842
RXN-14206	3.2894736842
LYSDECARBOX-RXN	3.2235089537
3.1.2.14-RXN	3.2159879073
RXN-10727	3.2159879073
RXN-12973	3.2159879073
RXN-13011	3.2159879073
RXN-17108	3.2159879073
RXN-21638	3.2159879073
RXN-21675	3.2159879073
RXN-21706	3.2159879073
RXN-21714	3.2159879073
RXN-21715	3.2159879073
RXN-21716	3.2159879073
RXN-7902	3.2159879073
RXN-9548	3.2159879073
RXN-9549	3.2159879073
RXN-9550	3.2159879073
RXN-9551	3.2159879073
RXN-9555	3.2159879073
RXN66-643	3.2159879073
RXN-11835	3.2117566739
DIHYDROFOLATESYNTH-RXN	3.1972219510
RXN-14149	3.1896598101
325-BISPHOSPHATE-NUCLEOTIDASE-RXN	3.1873760295
RXN-1841	3.1816842162
2.6.1.37-RXN	3.1594096588
3.1.4.10-RXN	3.1557043205
1.1.1.51-RXN	3.1261634053
RXN-13141	3.0882952466
RXN0-6727	3.0882952466
3.4.24.71-RXN	3.0784091148
GLYCOLALD-DEHYDROG-RXN	3.0674846626
3.2.1.6-RXN	3.0581039755
1.1.1.39-RXN	3.0456115452
DETHIOBIOTIN-SYN-RXN	3.0366296694
GALPMUT-RXN	3.0252065136
RXN-15479	3.0236406187
UNDECAPRENOL-KINASE-RXN	3.0120481928
RXN0-6563	3.0069961260
3.4.13.22-RXN	2.9941797270
RXN0-5507	2.9940119760
2.1.1.151-RXN	2.9928190251
RXN-8760	2.9928190251
ATP-PYROPHOSPHATASE-RXN	2.9694743287
RXN-12345	2.9544770685
3.4.11.24-RXN	2.9518355008
TAGAALDOL-RXN	2.9507815342
CHLORIDE-PEROXIDASE-RXN	2.9411764706
3.2.1.18-RXN	2.9301773466
NICONUCADENYLYLTRAN-RXN	2.9192119356
RXN-16427	2.9015268267
RXN-21295	2.9015268267
RXN-21601	2.9015268267
RXN0-262	2.9015268267
TREHALA-RXN	2.9008906174
ADCLY-RXN	2.8901734104
2.8.3.10-RXN	2.8780311586
CITTRANS-RXN	2.8780311586
RXN-12227	2.8673967737
3.2.1.33-RXN	2.8653295129
1.3.99.23-RXN	2.8286769839
RXN-11148	2.8249996509
3.1.1.23-RXN	2.8246730610
RXN-15088	2.8246730610
RXN-15089	2.8246730610
RXN-18935	2.8246730610
RXN-14459	2.8169014085
LIPIDXSYNTHESIS-RXN	2.8085237217
RXN-20786	2.8085237217
GLYCEROL-DEHYDROGENASE-ACCEPTOR-RXN	2.8011204482
R145-RXN	2.7948935598
PROTOHEMEFERROCHELAT-RXN	2.7942870340
RHAMNULPALDOL-RXN	2.7872622117
CYTOCHROME-C-OXIDASE-RXN	2.7864037249
RXN-21237	2.7864037249
RXN1YI0-22	2.7864037249
RXN-15710	2.7833043204
RXN0-5304	2.7833043204
3.2.1.98-RXN	2.7653370433
3.4.19.5-RXN	2.7548209366
RXN-21711	2.7548209366
RXN0-3241	2.7548209366
RXN0-5038	2.7548209366
RXN0-5433	2.7548209366
RXN-20396	2.7446789979
SERINE-C-PALMITOYLTRANSFERASE-RXN	2.7446789979
RXN-7573	2.7328760019
RXN-15946	2.7173913043
PPGPPSYN-RXN	2.7131655493
RXN0-6427	2.7131655493
RXN-11487	2.7073846928
RXN-11962	2.7073846928
RXN-14176	2.7073846928
R212-RXN	2.6954177898
R213-RXN	2.6954177898
R216-RXN	2.6954177898
R217-RXN	2.6954177898
RXN-13722	2.6954177898
3-DEHYDRO-L-GULONATE-2-DEHYDROGENASE-RXN	2.6813124840
RXN0-703	2.6813124840
TRANS-RXN0-454	2.6547828633
RXN-17898	2.6543209877
RXN-17899	2.6543209877
TYROSINE-23-AMINOMUTASE-RXN	2.6455026455
RXN-13276	2.6309724905
1.2.7.4-RXN	2.6178010471
RXN-9311	2.6109660574
R341-RXN	2.5958056094
RXN-21228	2.5824424219
1.1.1.222-RXN	2.5575447570
HYDROGEN-DEHYDROGENASE-RXN	2.5575447570
RXN-7632	2.5575447570
CHORPYRLY-RXN	2.5282541839
3.1.26.12-RXN	2.5176098376
RXN0-6478	2.5176098376
RXN0-6485	2.5176098376
RXN0-6521	2.5176098376
RXN0-6522	2.5176098376
RXN0-6523	2.5176098376
CEREBROSIDE-SULFATASE-RXN	2.5062656642
RXN1F-20	2.4932658520
3-OXOADIPATE-ENOL-LACTONASE-RXN	2.4867163907
RXN-10083	2.4867163907
CEPHALOSPORIN-C-DEACETYLASE-RXN	2.4848774095
3.2.1.50-RXN	2.4737503627
R346-RXN	2.4691358025
RXN-11833	2.4630541872
3.2.2.24-RXN	2.4628808931
3.2.1.91-RXN	2.4581598122
RXN-12305	2.4581598122
GLUCOSAMINEPNACETYLTRANS-RXN	2.4509803922
R122-RXN	2.4411914271
KDUD-RXN	2.4244169645
5-OXOPROLINASE-ATP-HYDROLYSING-RXN	2.4082229912
RXN-10642	2.4048959890
UROGENDECARBOX-RXN	2.4048959890
GLUCISOM-RXN	2.3968300790
XYLISOM-RXN	2.3968300790
TAGAKIN-RXN	2.3899775137
NITROGENASE-RXN	2.3866348449
RXN-20190	2.3866348449
S-CARBOXYMETHYLCYSTEINE-SYNTHASE-RXN	2.3866348449
RXN-15083	2.3809523810
RXN-15143	2.3809523810
TRANS-RXN-153A	2.3809523810
TRANS-RXN-157	2.3809523810
TRANS-RXN0-540	2.3809523810
RXN-8930	2.3283153548
GLUTAMATE-N-ACETYLTRANSFERASE-RXN	2.3252890900
3.4.17.13-RXN	2.3178736799
RXN-16664	2.3178736799
RXN0-5227	2.3178736799
RXN0-2605	2.3148148148
3.6.3.3-RXN	2.3094688222
H2NEOPTERINALDOL-RXN	2.3041474654
RXN-10857	2.3041474654
PPPGPPHYDRO-RXN	2.3002097834
3.4.24.55-RXN	2.2871036635
3.6.3.41-RXN	2.2831050228
TRANS-RXN-397	2.2831050228
TRANS-RXN0-162	2.2831050228
RXN-19355	2.2727272727
RXN0-6731	2.2727272727
2.4.1.119-RXN	2.2497854091
RXN-16761	2.2497854091
RXN-16745	2.2417362747
RXN-11791	2.2389275310
3.4.21.62-RXN	2.2331530157
1.18.1.2-RXN	2.2322518269
RXN-11860	2.2222222222
RXN-11865	2.2222222222
3.5.1.98-RXN	2.2026431718
2.7.7.39-RXN	2.1834061135
2-METHYLCITRATE-SYNTHASE-RXN	2.1696086338
RXN0-5073	2.1598272138
RXN0-5074	2.1598272138
3-HYDROXYBUTYRYL-COA-DEHYDROGENASE-RXN	2.1475647640
ADENYLYLSULFATE-REDUCTASE-RXN	2.1459227468
OHACYL-COA-DEHYDROG-RXN	2.1419638929
RXN-11245	2.1419638929
RXN-11662	2.1419638929
RXN-12490	2.1419638929
RXN-12570	2.1419638929
RXN-12705	2.1419638929
RXN-12750	2.1419638929
RXN-16133	2.1419638929
RXN-17777	2.1419638929
RXN-17781	2.1419638929
RXN-17786	2.1419638929
RXN-17790	2.1419638929
RXN-17794	2.1419638929
RXN-17798	2.1419638929
RXN-19803	2.1419638929
RXN-20679	2.1419638929
RXN-21224	2.1419638929
RXN-21760	2.1419638929
RXN-21767	2.1419638929
RXN-21771	2.1419638929
RXN-21783	2.1419638929
RXN-21784	2.1419638929
RXN0-2044	2.1419638929
ACNEULY-RXN	2.1368131122
RXN-15313	2.1368131122
RXN-13993	2.1305044032
PEPCARBOX-RXN	2.1303805299
FARNESYLTRANSTRANSFERASE-RXN	2.1270340258
GPPSYN-RXN	2.1270340258
L-LACTATE-DEHYDROGENASE-RXN	2.1039681796
RXN-7572	2.1039681796
1.7.2.2-RXN	2.1025650290
RXN-18605	2.1025650290
LTARTDEHYDRA-RXN	2.1008403361
LYSYLTRANSFERASE-RXN	2.0975405869
GLU6PDEHYDROG-RXN	2.0936820476
RXN-16247	2.0920502092
MCPMETEST-RXN	2.0788940835
RXN-9998	2.0726479205
RXN-11070	2.0618052959
RXN-15300	2.0612535310
RXN-17363	2.0606125617
RXN-19774	2.0606125617
RXN-14900	2.0597223260
1.1.1.271-RXN	2.0369154628
RXN-11396	2.0366598778
L-LACTATE-DEHYDROGENASE-CYTOCHROME-RXN	2.0161290323
RXN-11573	2.0120724346
RXN-12086	1.9960079840
RXN-12579	1.9960079840
RXN-21399	1.9960079840
CHER-RXN	1.9841269841
RIBOFLAVINSYNDEAM-RXN	1.9834376824
RIBOFLAVINSYNREDUC-RXN	1.9834376824
RXN-10058	1.9834376824
3.6.3.28-RXN	1.9685039370
ABC-23-RXN	1.9685039370
TRANS-RXN-238	1.9685039370
1.3.1.54-RXN	1.9666317999
RXN-12459	1.9617841749
RXN-19051	1.9554346764
CDPKIN-RXN	1.9531250000
DADPKIN-RXN	1.9531250000
DCDPKIN-RXN	1.9531250000
DGDPKIN-RXN	1.9531250000
DTDPKIN-RXN	1.9531250000
DUDPKIN-RXN	1.9531250000
GDPKIN-RXN	1.9531250000
NUCLEOSIDE-DIP-KIN-RXN	1.9531250000
RXN-14120	1.9531250000
RXN-14228	1.9531250000
UDPKIN-RXN	1.9531250000
5.1.99.4-RXN	1.9455252918
RNA-DIRECTED-RNA-POLYMERASE-RXN	1.9455252918
RXN-17645	1.9455252918
RXN-9797	1.9455252918
RXN-9845	1.9455252918
PHENOL-2-MONOOXYGENASE-RXN	1.9194091371
RXN-10125	1.9194091371
RXN-10127	1.9194091371
RXN-10128	1.9194091371
RXN-10129	1.9194091371
FORMYLTHFDEFORMYL-RXN	1.9083969466
4.1.1.32-RXN	1.9047619048
RXN-12481	1.9047619048
TRANS-RXN0-277	1.9021306757
ACETOACETATE--COA-LIGASE-RXN	1.8955424531
3.1.13.4-RXN	1.8939393939
RXN-15952	1.8873395232
3.4.22.40-RXN	1.8800710700
RXN-21218	1.8800710700
RXN-21219	1.8800710700
RXN-21220	1.8800710700
3.4.24.16-RXN	1.8796992481
RXN-12839	1.8691588785
RXN-19739	1.8659410519
3.4.22.8-RXN	1.8621473705
O-SUCCINYLBENZOATE-COA-LIG-RXN	1.8613333325
R345-RXN	1.8587360595
RXN-11322	1.8587360595
RXN0-6576	1.8518518519
RXN-15047	1.8382352941
RXN-11136	1.8195223405
RXN0-4301	1.8181818182
RXN-11364	1.8127608503
RXN-11576	1.8010201186
PMPOXI-RXN	1.7921146953
PNPOXI-RXN	1.7921146953
2.7.1.156-RXN	1.7889087657
COBINAMIDEKIN-RXN	1.7889087657
COBINPGUANYLYLTRANS-RXN	1.7889087657
RXN-14063	1.7889087657
3.6.3.1-RXN	1.7869484921
2.9.1.1-RXN	1.7825311943
S-ADENOSYLHOMOCYSTEINE-DEAMINASE-RXN	1.7702823106
RXN-12178	1.7622253413
RXN-12270	1.7622253413
ARYLFORMAMIDASE-RXN	1.7605633803
RXN-17150	1.7605633803
RXN-16001	1.7543859649
1.6.99.5-RXN	1.7518787654
NADH-DEHYDROGENASE-QUINONE-RXN	1.7518787654
RXN-20991	1.7518787654
RXN-21546	1.7518787654
RXN0-5330	1.7518787654
RXN0-5330-YEAST	1.7518787654
RXN0-7123	1.7518787654
HOLOCYTOCHROME-C-SYNTHASE-RXN	1.7482517483
RXN0-5146	1.7464164876
6.3.2.10-RXN	1.7451480938
UDP-NACMURALGLDAPAALIG-RXN	1.7451480938
1.5.1.7-RXN	1.7439389758
RXN-8568	1.7407371878
DAPASYN-RXN	1.7339476433
RXN-21088	1.7241379310
1.3.99.15-RXN	1.7101703590
1.4.1.21-RXN	1.6835016835
RXN-10847	1.6778523490
P-PANTOCYSDECARB-RXN	1.6754661381
P-PANTOCYSLIG-RXN	1.6754661381
2OXOGLUTDECARB-RXN	1.6716447169
1.5.1.9-RXN	1.6682841649
PREPHENATE-TRANSAMINE-RXN	1.6528925620
SUCCCOASYN-RXN	1.6455314010
COA-DISULFIDE-REDUCTASE-NADH-RXN	1.6414833283
GUANINE-DEAMINASE-RXN	1.6401887259
RXN-15261	1.6401887259
ABC-16-RXN	1.6384681630
TRANS-RXN0-503	1.6384681630
TRANS-RXN0-504	1.6384681630
DARABALDOL-RXN	1.6339869281
FUCPALDOL-RXN	1.6339869281
RXN-15212	1.6313221863
SPHINGOMYELIN-PHOSPHODIESTERASE-RXN	1.6313221863
RXN-12472	1.6313213703
2.1.1.133-RXN	1.6260162602
4.2.2.17-RXN	1.6049837016
3.2.2.21-RXN	1.5898251192
R342-RXN	1.5710281020
3.4.24.56-RXN	1.5698587127
3.1.1.69-RXN	1.5673981191
5.1.3.9-RXN	1.5625000000
NANE-RXN	1.5625000000
GLYOXIII-RXN	1.5479876161
3.2.1.40-RXN	1.5453856301
RXN-13788	1.5453856301
RXN-16248	1.5453856301
RXN-16249	1.5453856301
RXN-16250	1.5453856301
3.4.21.7-RXN	1.5432098765
RXN-12015	1.5408320493
RFFTRANS-RXN	1.5337423313
RXN-17127	1.5313935681
RXN0-1141	1.5313935681
RXN0-5098	1.5313935681
3.1.1.72-RXN	1.5266050062
RXN0-4342	1.5252976190
2.1.1.130-RXN	1.5243902439
RXN-MG-PROTOPORPHYRIN-METHYLESTER-SYN	1.5243902439
2.6.1.57-RXN	1.5151515152
RXN-15200	1.5151515152
RXN-11838	1.5082956259
RXN-11842	1.5082956259
PUTRESCINE-CARBAMOYLTRANSFERASE-RXN	1.5015015015
OLEATE-HYDRATASE-RXN	1.4877395654
2.6.1.33-RXN	1.4792899408
RXN-14519	1.4792899408
RXN-8441	1.4717081762
RXN0-361	1.4717081762
URIDINE-NUCLEOSIDASE-RXN	1.4717081762
RXN-11363	1.4684287812
4.1.2.20-RXN	1.4492753623
KDGALDOL-RXN	1.4492753623
ORNITHINE-CYCLODEAMINASE-RXN	1.4492753623
CREATININASE-RXN	1.4471780029
CHOLINE-SULFATASE-RXN	1.4404572946
7-ALPHA-HYDROXYSTEROID-DEH-RXN	1.4388489209
DSERDEAM-RXN	1.4388489209
RXN-12019	1.4388489209
RXN-16033	1.4388489209
RXN-13404	1.4245014245
S-FORMYLGLUTATHIONE-HYDROLASE-RXN	1.4204545455
RXN-12238	1.4124293785
RXN-14559	1.4069688260
NARINGENIN-CHALCONE-SYNTHASE-RXN	1.4064697609
RXN-11468	1.4064697609
RXN-16324	1.3927576602
RXN-16325	1.3927576602
4.1.1.83-RXN	1.3856359468
RXN-20409	1.3856359468
TREHALOSE6PSYN-RXN	1.3674597302
2-ENOATE-REDUCTASE-RXN	1.3605442177
GLUTAMATE-SYNTHASE-NADH-RXN	1.3440093062
5.3.3.10-RXN	1.3351134846
TRNA-URACIL-5--METHYLTRANSFERASE-RXN	1.3227513228
RIBOSYLNICOTINAMIDE-KINASE-RXN	1.3210039630
5.3.1.23-RXN	1.3181877913
RXN-21315	1.3181877913
3.4.11.10-RXN	1.3157894737
RXN0-5204	1.3157894737
3.4.17.19-RXN	1.3027627394
HEMEOSYN-RXN	1.3020833333
RXN-20645	1.3020833333
RXN-12177	1.2926052829
RXN-16512	1.2926052829
RXN-14178	1.2886597938
PHOSPHOLIPASE-C-RXN	1.2853470437
RXN-17734	1.2853470437
RXN-17737	1.2853470437
RXN-17738	1.2853470437
RXN-17750	1.2853470437
RXN-20534	1.2853470437
3.5.1.77-RXN	1.2690355330
N-CARBAMOYLPUTRESCINE-AMIDASE-RXN	1.2690355330
CYTOCHROME-C3-HYDROGENASE-RXN	1.2626262626
RXN-14276	1.2239902081
RXN-14772	1.2239902081
RXN-14778	1.2239902081
RXN-14786	1.2239902081
RXN-14791	1.2239902081
RXN-14794	1.2239902081
RXN-14797	1.2239902081
RXN-14801	1.2239902081
RXN-14805	1.2239902081
RXN-19802	1.2239902081
RXN-7699	1.2239902081
RXN-9545	1.2239902081
RXN-14692	1.2180267966
3.6.1.41-RXN	1.2127547977
1PFRUCTPHOSN-RXN	1.2121212121
HOMOSERINE-O-ACETYLTRANSFERASE-RXN	1.2106537530
ARYLSULFATE-SULFOTRANSFERASE-RXN	1.1959609770
3-OCTAPRENYL-4-OHBENZOATE-DECARBOX-RXN	1.1947431302
RXN-15309	1.1947431302
RXN-9223	1.1947431302
RXN-9231	1.1947431302
RXN-9238	1.1947431302
GLUTARYL-COA-DEHYDROGENASE-RXN	1.1918951132
MYO-INOSOSE-2-DEHYDRATASE-RXN	1.1918951132
3.1.4.1-RXN	1.1890606421
1.8.4.12-RXN	1.1820330969
RUBREDOXIN--NAD+-REDUCTASE-RXN	1.1820330969
RXN-20617	1.1655011655
ADENYLYLSULFATASE-RXN	1.1518469866
2-OCTAPRENYL-6-OHPHENOL-METHY-RXN	1.1507479862
2.1.1.64-RXN	1.1507479862
DHHB-METHYLTRANSFER-RXN	1.1507479862
RXN-11758	1.1507479862
RXN-12160	1.1507479862
RXN-8766	1.1507479862
RXN-9225	1.1507479862
RXN-9229	1.1507479862
RXN-9233	1.1507479862
RXN-9237	1.1507479862
RXN-9240	1.1507479862
RXN3O-102	1.1507479862
ARGINYLTRANSFERASE-RXN	1.1428571429
RXN-17888	1.1428571429
RXN-17889	1.1428571429
RXN-17890	1.1428571429
RXN-17891	1.1428571429
RXN0-5144	1.1235955056
2.7.1.121-RXN	1.1074197121
RXN-11543	1.1061946903
2.7.8.25-RXN	1.1001100110
MHPCHYDROL-RXN	1.0940919037
RXN-12070	1.0940919037
METHYLASPARTATE-AMMONIA-LYASE-RXN	1.0928961749
AGMATIN-RXN	1.0857763301
RXN-13252	1.0857235456
THREDEHYD-RXN	1.0822510823
2.5.1.65-RXN	1.0619520805
3.4.21.116-RXN	1.0615711253
RXN-11841	1.0526315789
O-SUCCINYLBENZOATE-COA-SYN-RXN	1.0427528676
RXN-10002	1.0427528676
RXN-9988	1.0427528676
RXN-8457	1.0384215992
2.3.1.157-RXN	1.0341261634
TRIPHOSPHATASE-RXN	1.0309278351
4.1.1.81-RXN	1.0111223458
2.6.1.50-RXN	1.0080645161
3.4.11.7-RXN	0.9930486594
RXN-16190	0.9930486594
RXN-16194	0.9930486594
RXN-16201	0.9930486594
HEMN-RXN	0.9852216749
RXN-10669	0.9852216749
RXN0-5329	0.9803921569
RXN-17955	0.9606147935
RXN-17958	0.9606147935
RXN0-6733	0.9606147935
RXN-10035	0.9532888465
GLY3KIN-RXN	0.9460737938
5.1.2.3-RXN	0.9423651413
OHBUTYRYL-COA-EPIM-RXN	0.9423651413
ALANINE--GLYOXYLATE-AMINOTRANSFERASE-RXN	0.9372071228
5.1.3.23-RXN	0.9319664492
UDPGLCNACEPIM-RXN	0.9319664492
RXN-7566	0.9303495849
CYTDEAM-RXN	0.9233610342
RXN-14129	0.9233610342
RXN-14197	0.9233610342
RXN-15376	0.9208103131
RXN-18319	0.9208103131
RXN-9999	0.9208103131
3.4.21.96-RXN	0.9117543445
3.5.1.80-RXN	0.9107468124
NAG6PDEACET-RXN	0.9107468124
HYDROXYPYRUVATE-REDUCTASE-RXN	0.9099181074
4.2.2.7-RXN	0.9000900090
RXN-10606	0.8960573477
RXN-10607	0.8960573477
RXN-10608	0.8960573477
RXN-10609	0.8960573477
RXN-10616	0.8960573477
RXN-10617	0.8960573477
RXN-10618	0.8960573477
RXN-10619	0.8960573477
RXN-10784	0.8960573477
RXN-11060	0.8960573477
RXN-13607	0.8960573477
RXN-13608	0.8960573477
RXN-14361	0.8960573477
RXN-19358	0.8960573477
RXN-19359	0.8960573477
RXN-19360	0.8960573477
RXN-19361	0.8960573477
RXN-9000	0.8960573477
RXN66-162	0.8960573477
RXN66-168	0.8960573477
RXN66-83	0.8960573477
UDP-GLUCURONOSYLTRANSFERASE-RXN	0.8960573477
ARGININE-DEIMINASE-RXN	0.8756567426
PHOSPHOKETOLASE-RXN	0.8678438175
3.6.3.40-RXN	0.8431703204
RXN-18028	0.8431703204
RXN-18029	0.8431703204
TRANS-RXN-314	0.8431703204
RXN-8764	0.8396305626
RXN-11696	0.8382229673
RXN-11852	0.8375209380
XYLULOKIN-RXN	0.8110300081
GLUTATHIONE-REDUCT-NADPH-RXN	0.7886435331
TRANS-RXN-156	0.7727975270
5.4.99.15-RXN	0.7385524372
SUCROSE-PHOSPHORYLASE-RXN	0.7385524372
TRANS-RXN-370	0.7328006689
AROMATIC-L-AMINO-ACID-DECARBOXYLASE-RXN	0.7299270073
RXN-19124	0.7299270073
PREPHENATE-ASP-TRANSAMINE-RXN	0.6913428917
1.20.98.1-RXN	0.6553079948
RXN-15085	0.6493506494
RXN-15158	0.6493506494
RXN-15159	0.6493506494
TEICHOICSYN4-RXN	0.6203473945
3.2.1.70-RXN	0.6195786865
VAGL-RXN	0.6188615144
RXN-13946	0.6054154196
ATPASE-RXN	0.5913660556
NUCLEOSIDE-TRIPHOSPHATASE-RXN	0.5913660556
RXN-12195	0.5913660556
RXN-12196	0.5913660556
RXN-11110	0.5871990605
ADDALT-RXN	0.5827505828
ADENODEAMIN-RXN	0.5827505828
2.5.1.51-RXN	0.5658730933
ABC-7-RXN	0.5567928731
ABC-70-RXN	0.5567928731
3-HYDROXY-KYNURENINASE-RXN	0.5525952345
KYNURENINASE-RXN	0.5525952345
CHEBDEAMID-RXN	0.5494505495
3.4.22.10-RXN	0.5327650506
ACETYLSYNCLTH-RXN	0.4960317460
1.21.4.3-RXN	0.4553406193
2.4.1.230-RXN	0.4510599910
RXN-15358	0.4510599910
3.2.1.65-RXN	0.3720238095
3.2.1.24-RXN	0.3498950315
RXN-18913	0.3498950315
RXN-8762	0.2674652576
2.4.1.115-RXN	0.2276867031
PELUDP-RXN	0.2276867031
RXN-17675	0.2276867031
RXN-7815	0.2276867031
RXN1F-775	0.2276867031