# Gene Family HUMAnN v4.0.0.alpha.1 Adjusted CPMs	SRR7947171_merged
READS_UNMAPPED	0.0204577
UniClust90_12288-FJDNAOCO_04466	0.0484312
UniRef90_A0A096N355	0.0255634
UniRef90_UPI0007DC5921	0.0234568
UniRef90_O00370	0.0139293
UniRef90_A0A146TCJ5	0.0101681
UniRef90_A0A2I3MH11	0.00920611
UniRef90_UPI00105F6E17	0.00841082
UniRef90_A0A2K5RAP4	0.00790692
UniRef90_A0A096LNI6	0.00776637
UniRef90_H0YCJ5	0.00659159
UniRef90_H7C366	0.00641759
UniRef90_Q9BQU3	0.00638039
UniRef90_Q9HB55-6	0.00613394
UniRef90_A0A3B3ITR1	0.00606463
UniRef90_F8VVD5	0.00582276
UniRef90_A0A1W2PRX2	0.00573325
UniRef90_Q8WV90	0.00564018
UniRef90_A0A2R9AHJ2	0.00541541
UniRef90_A0A2K5VAH8	0.00533356
UniClust90_93743-FACBLPDO_03456	0.00530885
UniRef90_A0A2J8WQ32	0.00492736
UniRef90_J3QRX1	0.00436556
UniRef90_M0QYZ7	0.00400498
UniRef90_A0A0D9SFB9	0.00392199
UniRef90_F4MH49	0.00376488
UniRef90_A0A3B3ITT6	0.00334685
UniRef90_A0A376YEQ8	0.00329455
UniRef90_A0A2I3GRQ1	0.00319037
UniRef90_E9PS48	0.00317194
UniRef90_A0A172E6W9	0.00293296
UniRef90_UPI0010A27910	0.00288584
UniRef90_A0A377BA65	0.00286312
UniRef90_A0A2K6G613	0.0025882
UniRef90_Q9BTC5	0.00251063
UniClust90_102306-NAMPNMPJ_01149	0.00250585
UniRef90_D4BI59	0.00245411
UniClust90_1836-HEPAMEGP_01298	0.00242932
UniRef90_A0A376SPZ8	0.00224769
UniRef90_A0A2J8T5P0	0.00222897
UniClust90_103438-IPMCEDMK_06510	0.00222687
UniClust90_14315-KPDIIKNJ_00906	0.00218639
UniClust90_1812-GCCEHMNJ_03365	0.00212834
UniRef90_A0A3B3IRZ0	0.00212174
UniClust90_4787-AOCNCBGN_02003	0.00210967
UniRef90_U2UCD3	0.00209133
UniRef90_Q2FCY8	0.00205657
UniRef90_W0AR77	0.00205558
UniClust90_7594-DHIEBEEG_03121	0.00198762
UniRef90_W6NZ25	0.00198762
UniClust90_11046-CMKKPNHG_06561	0.0019553
UniRef90_A0A376U8T0	0.00192402
UniRef90_A0A377D505	0.00191854
UniClust90_52736-NAOCMFBE_00360	0.00189372
UniClust90_14110-IHKKKGPA_01447	0.00187893
UniRef90_K1TXI7	0.00182199
UniClust90_1899-GJHFOBPN_00746	0.0018055
UniRef90_A0A481CK58	0.00179088
UniRef90_A0A0A7PG30	0.00175549
UniClust90_4704-HAKAHMBM_01384	0.00169368
UniClust90_95305-PMGAMLNI_02091	0.00168184
UniRef90_A0A174STK3	0.00162502
UniRef90_W1YUI6	0.00162502
UniRef90_E4W232	0.00161411
UniRef90_A0A350J958	0.00160335
UniRef90_UNK4760-ANKGHEOF_04062	0.00160335
UniClust90_47641-HOBMJCLO_00593	0.00157191
UniRef90_D4LI55	0.00156758
UniRef90_A0A445EUT1	0.0015617
UniRef90_A0A330I5L0	0.00154794
UniRef90_Q9H2H8-2	0.00154623
UniClust90_4245-COFOCADB_00374	0.00154168
UniRef90_A0A379WJL0	0.00151259
UniClust90_5008-IKOBOILG_00077	0.00150314
UniClust90_1791-FECCLHFH_01544	0.00147547
UniClust90_31233-AGFKOADI_02820	0.00147547
UniClust90_41485-EIDEPILL_01924	0.00146648
UniRef90_A0A3W4TQW4	0.00146648
UniRef90_A0A447MZM8	0.00146648
UniRef90_K7EAT2	0.00146648
UniRef90_A0A376TYA2	0.00144881
UniRef90_A0A3P4NVF8	0.00142523
UniClust90_14027-LBNFNFDE_01096	0.00142309
UniRef90_A0A376YC78	0.00142309
UniRef90_A0A3R1LV66	0.00142309
UniRef90_Q96K19-2	0.00142068
UniClust90_15124-HCMOFBKP_00844	0.00141472
UniClust90_2073-DDFKNIIK_02649	0.00141472
UniRef90_A0A377BXJ0	0.00141472
UniRef90_UNK15124-HCMOFBKP_00844	0.00141472
UniRef90_A0A485JIW7	0.00140645
UniClust90_14737-KHAIOGMH_01174	0.0013822
UniRef90_A0A3S4E7T1	0.0013822
UniRef90_A0A193LTU8	0.00135877
UniRef90_A0A378G076	0.00135877
UniRef90_B1VCI9	0.00135563
UniRef90_A6L0V6	0.00133739
UniClust90_4133-MGBHIIKK_00290	0.00133612
UniClust90_41627-CEPPKFED_02270	0.00132102
UniClust90_1584-BGGNCKDJ_00483	0.00131422
UniClust90_41709-CDCKENBH_00253	0.00131422
UniClust90_4860-AFFGLEBI_00714	0.00131422
UniClust90_5842-CFDJPEJD_00056	0.00131422
UniRef90_A0A377B6A6	0.00130708
UniClust90_2141-MCCANMOB_00230	0.00130001
UniClust90_4714-PIKPFPNJ_00212	0.00127927
UniClust90_4722-EPCHEAHI_00887	0.00127927
UniClust90_1858-GJLPKDNH_03953	0.0012725
UniClust90_1832-ACAIMEIA_02686	0.00125917
UniRef90_A0A376KRB7	0.00125917
UniClust90_1942-GBOKNFNA_04548	0.00125262
UniClust90_23251-GBHFJAIH_01494	0.00125262
UniRef90_A0A498P0W4	0.00125262
UniRef90_J9F4U7	0.00125262
UniRef90_A0A407FD28	0.00124613
UniRef90_A0A377B3Z6	0.0012397
UniClust90_72669-MDBBLNPF_01973	0.00123335
UniRef90_A0A376MWR6	0.00122705
UniRef90_UNK4553-OLMJEGBF_02262	0.00121466
UniRef90_A0A447X9P4	0.00120855
UniRef90_A0A485JA80	0.00120855
UniRef90_A0A376TT86	0.00120251
UniRef90_A0A2X1LA22	0.00120222
UniClust90_5741-LMBAMFCK_01052	0.00119061
UniRef90_UNK15115-HLKCEGIJ_01557	0.00118474
UniClust90_70027-LICDFCHD_00703	0.00117893
UniRef90_A0A285PVJ3	0.00117893
UniRef90_A0A0P0LP45	0.00116749
UniRef90_A0A377PHH7	0.00116749
UniRef90_A0A484VUW9	0.00116749
UniClust90_14239-BIDEHPAL_00615	0.00115626
UniClust90_47659-CIOPGBAP_01526	0.00115073
UniRef90_A0A376VN89	0.00115073
UniRef90_UNK9224-CKKDHJFP_02160	0.00115073
UniRef90_A0A0P0FK51	0.00114856
UniClust90_41645-OLDIKHFM_01719	0.00114525
UniClust90_59551-EOMADNGN_01684	0.00114525
UniRef90_K7ELG5	0.00114252
UniClust90_48024-CIEAFHLF_01655	0.00113445
UniRef90_A0A377K5R5	0.00112912
UniRef90_A0A379TDU0	0.00112912
UniClust90_5684-ALNMDGMH_01457	0.00112384
UniClust90_4758-NFALGMJJ_03997	0.00111432
UniRef90_A0A069RJB6	0.00111344
UniRef90_A0A379TGE1	0.00111344
UniRef90_A0A2X1MV68	0.00111255
UniClust90_40800-APJMNIAA_00200	0.00110831
UniClust90_5116-ACPOHPGP_00050	0.00109319
UniRef90_UNK1945-PKNPODCE_00513	0.00109319
UniRef90_K1TP65	0.00108967
UniClust90_36211-MCDPJAJH_02610	0.00108825
UniClust90_71704-ENMIHDJD_00649	0.00108825
UniRef90_A0A3D8Z880	0.00108825
UniClust90_41461-MEJGJBDB_00725	0.00108334
UniRef90_R0BUV5	0.00108334
UniRef90_A0A2X3FQ55	0.00107849
UniClust90_95311-GCPABDKD_00540	0.0010689
UniRef90_A0A2K6T222	0.0010554
UniRef90_A0A2X1J003	0.00105484
UniRef90_D1NFR0	0.001051
UniClust90_1507-LNPDEHAM_01681	0.00105023
UniRef90_H7C134	0.00104668
UniClust90_4476-CGIHPOAJ_00803	0.00104114
UniRef90_A0A376VJR9	0.00104114
UniRef90_A0A379VRM6	0.00104114
UniRef90_A0A376ZXE6	0.00103328
UniRef90_Q9P1S2	0.00103115
UniRef90_A0A069XJ81	0.00101478
UniRef90_A0A376KTV3	0.00101051
UniRef90_UPI000932C5BF	0.00101051
UniClust90_8327-PGEEFEKD_00775	0.00100629
UniRef90_A0A2X3K188	0.00100209
UniRef90_A0A2X1K8Y7	0.000997935
UniClust90_41717-GDLMNDLL_00626	0.000993812
UniClust90_4741-EGAFIACF_04396	0.000993812
UniRef90_A0A377KEY3	0.000985666
UniRef90_A0A376MPI6	0.000981642
UniRef90_A0A380ZLJ4	0.000981642
UniClust90_40964-EABBABAE_00666	0.000973694
UniClust90_12290-LMJGEGCL_02369	0.000969768
UniClust90_14020-NBLPKCMN_00891	0.000969768
UniClust90_4631-FGPCFHBK_00437	0.000969768
UniRef90_A0A376TQQ3	0.000965873
UniRef90_A0A381IEM2	0.000965873
UniRef90_UNK4724-MMOCPKLD_04009	0.000965873
UniRef90_A0A1C5NJW6	0.000960556
UniClust90_4701-AKABKHEA_01969	0.000958177
UniRef90_A0A376W574	0.000958177
UniRef90_K8CJ07	0.000958177
UniClust90_4158-DBPONOCI_03296	0.000954375
UniClust90_41652-OCBOLIPH_02734	0.00094686
UniRef90_UNK4762-DLMFBKGE_01698	0.00094686
UniClust90_10057-CDJPDGCM_00168	0.000943147
UniClust90_42114-GGKGMCDL_02309	0.000943147
UniClust90_4363-KMIGPNPL_01770	0.000935807
UniRef90_H7C141	0.00092504
UniClust90_4673-BPIHABEK_01972	0.000925009
UniClust90_4704-DAHGIKEE_02264	0.000925009
UniRef90_A0A2X1IN24	0.000925009
UniRef90_A0A376TUU8	0.000925009
UniClust90_4758-HACMPMGC_04170	0.000917948
UniClust90_43527-FCCCIPHA_01269	0.000904144
UniRef90_A0A0D9Y730	0.000900758
UniRef90_F7K1K2	0.000900758
UniClust90_41588-CNGPDLHI_00281	0.000897397
UniClust90_4922-JLFMMGLE_00898	0.000897397
UniClust90_59839-GBEIAGNB_01581	0.000894061
UniRef90_Q8NCR0-2	0.000893079
UniRef90_H0YL61	0.000889298
UniRef90_E1IMV8	0.000887463
UniRef90_UNK7038-PJMFNPOK_00673	0.000887463
UniClust90_4119-GLJLLHIG_01069	0.000877746
UniRef90_A0A381GRP4	0.000877746
UniRef90_UPI000D8DA532	0.000877267
UniRef90_A0A173XE92	0.000874554
UniRef90_A0A378BNI5	0.000874554
UniRef90_U2EG59	0.000874554
UniRef90_B7BHE4	0.000871386
UniRef90_A0A3S2RT70	0.00086824
UniRef90_A0A2X3KJ95	0.000865117
UniClust90_4809-EGGAKFFC_03690	0.00085588
UniClust90_31988-GOBHBNPI_07297	0.000852845
UniRef90_A0A376YCC5	0.000849832
UniRef90_A0A376TYJ5	0.000846839
UniRef90_A0A173ZLB4	0.000843868
UniClust90_21431-DJPMJFDN_00524	0.000841368
UniRef90_A0A0I1ZL48	0.000837987
UniRef90_A0A376ML55	0.000837987
UniClust90_4960-MGLGDMJO_01487	0.000835078
UniRef90_A0A3S4GXP5	0.000835078
UniRef90_A0A0K5Z1C2	0.000829319
UniRef90_A0A376Y1L1	0.000826469
UniRef90_E1J3F2	0.000826469
UniClust90_59850-FIJLBCIM_01068	0.000823638
UniClust90_41705-FJADGNOM_01172	0.000820827
UniRef90_J9GNZ0	0.000820827
UniClust90_4989-MNONDMEB_04967	0.000818035
UniRef90_A0A174PRK3	0.000816382
UniRef90_A0A377AWK7	0.000815262
UniRef90_UNK7040-NBJGHHBI_00826	0.000815262
UniClust90_4602-PHFIHHNJ_01582	0.000812508
UniRef90_A0A0P0GK50	0.000812508
UniRef90_A0A484XZX8	0.000812508
UniClust90_1878-DLIFDGKC_02831	0.000809772
UniRef90_A0A2X1MRS3	0.000809772
UniRef90_A0A376MUB9	0.000809772
UniRef90_UNK20130-EMJNEFJB_00925	0.000809772
UniClust90_47582-OEEDGEAA_00925	0.000807055
UniRef90_UNK4809-EGGAKFFC_01393	0.000807055
UniRef90_A0A376LTY2	0.000804356
UniRef90_T1WEG6	0.000803554
UniRef90_Q13107-3	0.000801752
UniClust90_10194-GEGOOFBN_03485	0.000801675
UniClust90_5909-MLBLLOJG_00969	0.000801675
UniRef90_A0A377D8R2	0.000801675
UniClust90_4787-MFKGFPPB_00758	0.000799011
UniRef90_A0A0T9AEG2	0.000793746
UniClust90_41664-APAACDPH_01855	0.000793737
UniRef90_A0A484X172	0.000793737
UniRef90_A0A377CWL9	0.000785956
UniRef90_C7GFP3	0.000785956
UniRef90_F9EKQ3	0.000782372
UniRef90_A0A2X1KVT3	0.000780926
UniRef90_A0A174T7Z7	0.000780852
UniRef90_A0A485AB65	0.000780852
UniRef90_A0A0N6YP53	0.000775814
UniRef90_A0A174RIL2	0.000775814
UniRef90_A0A2N8NLI8	0.000775814
UniRef90_A0A413I971	0.000773979
UniRef90_A0A377BBR8	0.000770841
UniRef90_A0A414ZGN1	0.000770841
UniClust90_39855-PPJAMNJA_01389	0.000768378
UniRef90_A0A379WRB3	0.000768378
UniRef90_A0A0F0CHS9	0.000765931
UniRef90_A0A174GA29	0.000765931
UniRef90_A0A379T2E8	0.0007635
UniRef90_F5H368	0.0007635
UniClust90_6792-HCLEJMHJ_00474	0.000758683
UniRef90_A0A2K6UW91	0.000758683
UniRef90_W4UNI2	0.000758683
UniClust90_13617-BBIKDEFP_02702	0.000749229
UniClust90_36997-HABJADAI_00617	0.000749229
UniClust90_71704-DPFFOOPF_01409	0.000749229
UniRef90_A0A2X3KII2	0.000749229
UniRef90_A0A193M273	0.000746902
UniRef90_R4GNE3	0.000746902
UniClust90_37127-GGDGKJIN_00123	0.000744589
UniClust90_8646-BGJOPFAG_00049	0.000744589
UniClust90_102277-MNBANPNB_00122	0.000740007
UniClust90_4628-EHDOAMLN_01617	0.000740007
UniClust90_4896-BBCDLBBI_01247	0.000740007
UniRef90_A0A395W2M0	0.000737737
UniRef90_A0A016BUX8	0.000733239
UniRef90_A0A174C4N5	0.000733239
UniRef90_Q13138	0.00073101
UniRef90_A0A2X3LLE8	0.000728795
UniClust90_66070-JBNHAPCL_01750	0.000726593
UniRef90_Q89ZM7	0.000721723
UniClust90_4834-JINDDAMK_01949	0.000720067
UniClust90_14985-ODGPGHKM_01131	0.000717918
UniRef90_A0A376X3T8	0.000715871
UniRef90_A0A193M277	0.000715781
UniRef90_A0A0H5WEN7	0.000715468
UniRef90_E2X3P7	0.000709447
UniRef90_A0A377K2C9	0.000706342
UniClust90_41705-LKNOODPE_01309	0.000705286
UniClust90_35738-MDBKNEFK_01808	0.000703223
UniClust90_6221-NEMIPHOH_04767	0.000703223
UniRef90_A0A1C5LHP5	0.000703223
UniRef90_A0A376L8X3	0.000703223
UniRef90_A0A3S4IJ54	0.000703223
UniRef90_C6JFF6	0.000703223
UniRef90_Q06259	0.000699135
UniClust90_3156-DJMDAPCI_00293	0.000697108
UniRef90_A0A174LBQ8	0.000696171
UniClust90_20544-ADJNDPLL_01469	0.000695094
UniRef90_A0A3R1IKB1	0.000693091
UniClust90_37534-FOKJOMJB_01112	0.000689119
UniRef90_A0A1C2VN10	0.00068715
UniRef90_A0A3L7I5W8	0.000685192
UniRef90_A0A3R3MTG9	0.000685192
UniClust90_1408-AAFIKCKI_00115	0.000675569
UniClust90_2093-ELDEMHFP_01726	0.000673676
UniRef90_A0A377B6I4	0.000673676
UniRef90_A0A3R6AEQ3	0.000673676
UniClust90_1493-KEOGMPBH_01022	0.000671794
UniRef90_A0A085A802	0.000670143
UniClust90_10005-ELLJOKEH_00796	0.000669923
UniRef90_A0A379T325	0.000668062
UniRef90_A0A174I2J5	0.000666212
UniRef90_UPI000D0C89E6	0.000664371
UniRef90_P0A9D0	0.000663582
UniRef90_Q8A2N8	0.000662541
UniRef90_A0A0P0T068	0.000660721
UniRef90_A0A376RSR9	0.000660721
UniRef90_J9C8V6	0.000660721
UniRef90_A0A480DYU6	0.000658911
UniRef90_A0A485APV9	0.000658911
UniRef90_A0A374MJT8	0.000657259
UniClust90_43303-MNOJNLHF_00851	0.00065711
UniRef90_A0A376ML64	0.00065711
UniClust90_40934-JDPLKFKE_00817	0.00065532
UniRef90_A0A0P0F758	0.000651768
UniRef90_Q89ZY4	0.000650338
UniRef90_H2Q4E7	0.000649653
UniRef90_Q0SZ73	0.000648254
UniClust90_4046-OEKKPIML_02010	0.000644779
UniRef90_A0A376VWE7	0.000643055
UniRef90_UNK63885-AFACIFBN_02086	0.000643055
UniRef90_A0A1C6KZK4	0.00064009
UniClust90_41435-AFPMJCIH_00037	0.000639634
UniClust90_41677-AJCKOBKL_01879	0.000637937
UniRef90_J9GLQ7	0.000634571
UniClust90_4732-IMKCDANM_01195	0.000632901
UniClust90_4763-CPECILKH_03270	0.000632901
UniRef90_A0A174MZB4	0.000632901
UniRef90_A0A3S4IYM0	0.000632901
UniRef90_A0A174M1R5	0.000631678
UniRef90_A0A376TUS6	0.000626308
UniRef90_A0A377E8N9	0.000626308
UniClust90_23493-HOGFGAMF_02017	0.000623063
UniRef90_R6RID9	0.000621836
UniClust90_106017-DFBPBNJA_01870	0.000620718
UniClust90_37143-KDHPCHGE_00948	0.000619852
UniRef90_A0A376WC55	0.000618258
UniRef90_A0A2M7CV56	0.000613527
UniRef90_A0A376L9X1	0.000613527
UniRef90_A0A376MMT1	0.000613527
UniClust90_4041-FDBMHFGP_00883	0.000610412
UniRef90_A0A2L1KPM8	0.000610354
UniRef90_A0A414GM97	0.000609587
UniRef90_A0A377JZU9	0.000608867
UniRef90_Q8A2P0	0.000607329
UniRef90_Q8A1D3	0.000606159
UniRef90_UPI00082B9939	0.000605962
UniRef90_A0A413KES5	0.0006058
UniRef90_A0A376UEW2	0.000604277
UniRef90_UNK5103-FIHKMDAG_00018	0.000604277
UniRef90_D4MU08	0.000604024
UniRef90_A0A376MS44	0.000602763
UniClust90_11318-PEGOLGMF_01394	0.000599757
UniRef90_A0A174CXW7	0.000599757
UniClust90_41418-OEIMJCPN_01197	0.000598265
UniRef90_A0A0P0L0W7	0.000597554
UniRef90_A0A1Q2TTK5	0.00059678
UniRef90_A0A174QPH5	0.000595303
UniClust90_4894-FHGAAALA_00637	0.000593833
UniRef90_R6PJM1	0.000593833
UniClust90_58537-MLFALBOD_00749	0.00059237
UniRef90_C3TAM2	0.000590915
UniClust90_4891-NBACEJHC_00126	0.000589467
UniRef90_A0A480CGG6	0.000589467
UniClust90_37159-EOECAJDG_00622	0.000588025
UniClust90_4771-GDPHDMFH_01119	0.000588025
UniRef90_A0A174EEF1	0.000583744
UniRef90_A0A2I2YVI9	0.000583744
UniRef90_P30871	0.000583577
UniClust90_4759-LLNLLMIM_04478	0.00058233
UniClust90_1928-CDHGCBPC_00166	0.000580924
UniClust90_27814-PGOKEKJG_01656	0.000580924
UniRef90_A0A0K5XZ40	0.000580924
UniRef90_A0A480DZA0	0.000580924
UniRef90_A0A365WG33	0.000579524
UniRef90_UNK1863-GKNMLABI_01742	0.000579524
UniRef90_I6CAW4	0.000578131
UniRef90_R6ME73	0.000577107
UniRef90_UPI00098AECE0	0.000576744
UniRef90_A0A484Z516	0.00057629
UniRef90_R6AN83	0.000575711
UniClust90_4704-DAHGIKEE_03705	0.000575365
UniRef90_P08548	0.000575174
UniRef90_A0A0F0CKZ5	0.000574085
UniClust90_1878-AENCHECL_04532	0.000572625
UniRef90_A0A482M4S6	0.000569965
UniClust90_4677-EMJMMENI_01222	0.000569911
UniRef90_A0A377A766	0.000569911
UniRef90_A0A376P1L6	0.000569276
UniClust90_4151-KNHPCJBC_00516	0.000568564
UniClust90_71463-PFMBGBOE_00706	0.000568564
UniRef90_A0A376MS48	0.000568564
UniRef90_A0A2P5RAF7	0.00056723
UniClust90_4529-OKMGJDBH_00962	0.000567223
UniRef90_A0A0I2ABP5	0.000565888
UniRef90_UNK4715-DPPBIINJ_00947	0.000565177
UniClust90_3140-CJCIGAOC_00273	0.000560612
UniRef90_A0A376LFF9	0.000559308
UniRef90_A0A2X3KGT3	0.00055801
UniRef90_A0A3D1GG23	0.00055801
UniClust90_15449-PILNDCCF_02037	0.000556719
UniClust90_4614-OAOFOCPP_02955	0.000556719
UniRef90_A0A377BTL6	0.000556719
UniRef90_A0A480C9Q2	0.000556719
UniClust90_41569-JLJCGFHK_01110	0.000555433
UniRef90_A0A174Q0U0	0.000552879
UniRef90_A0A379T302	0.000552879
UniRef90_A5KIQ2	0.000552879
UniRef90_A0A0P0FEL6	0.000552868
UniRef90_A0A377DZD0	0.000551611
UniRef90_P0ABH6	0.000551611
UniRef90_UPI0010220F15	0.000551611
UniRef90_A0A376KVG7	0.000550349
UniRef90_Q8A0W0	0.000549535
UniClust90_27789-IINFFLHO_00354	0.000549092
UniRef90_P76014	0.000549092
UniClust90_10343-PIOEFNMN_01752	0.000547841
UniRef90_A0A376RL01	0.000547841
UniRef90_I6CWB7	0.000547841
UniClust90_1946-GHFIFOML_02415	0.000546596
UniClust90_4549-ILBMDGGH_00815	0.000546596
UniRef90_UNK4701-MDLPLHIH_02017	0.000546596
UniClust90_47403-FEACFHHN_00558	0.000538037
UniRef90_A0A173W2R9	0.000538037
UniClust90_4860-MBANKALM_00326	0.000537111
UniRef90_Q8SPY5	0.000536836
UniRef90_G3QKC8	0.000536387
UniClust90_43080-OOIKMCAP_00422	0.00053564
UniRef90_A0A174XDG0	0.00053564
UniClust90_41525-OCDPJALG_01186	0.00053445
UniClust90_5184-NDHLENFC_00521	0.00053445
UniRef90_A0A2Y4X1Z5	0.000533265
UniClust90_1945-BNPEHFAN_01288	0.00053091
UniRef90_A0A066T301	0.00053091
UniRef90_A0A0I1B1I5	0.00053091
UniRef90_A0A2M9V699	0.00053091
UniRef90_K1TRS1	0.000529056
UniClust90_15067-AHCCGJNG_01196	0.000528577
UniClust90_41632-GKIEKCOE_03151	0.000527418
UniClust90_4591-AJEHLGEI_01183	0.000527418
UniClust90_65958-FPBNHOAD_00583	0.000527418
UniRef90_UNK4793-FAJPDOFC_00313	0.000527418
UniClust90_29321-IECKAIAG_01944	0.000526798
UniClust90_7278-JBPMEONM_00458	0.000526263
UniRef90_Q83JX9	0.000526263
UniClust90_4760-KHFLOLBI_01886	0.000525114
UniClust90_1897-MPMLAFOH_01724	0.00052397
UniRef90_A0A377CWL3	0.000522831
UniRef90_K5ZGK1	0.000522831
UniRef90_E0SKT8	0.000522025
UniClust90_4768-BBHPOEIF_01524	0.000521697
UniClust90_43256-OHHJDHLP_00580	0.000520568
UniClust90_4631-DOIFNNNE_02218	0.000520568
UniRef90_A0A288W2Y1	0.000520568
UniRef90_P0ACA8	0.000518324
UniClust90_4725-LGPDAIHO_01208	0.000517523
UniRef90_A0A376KVD7	0.000516717
UniClust90_19288-AENDKIBH_00566	0.000514994
UniClust90_4991-GPNHGCGE_01658	0.000514994
UniRef90_A0A2W0D4R3	0.000514994
UniRef90_A0A378G5P7	0.000514994
UniClust90_1962-HJIBELDN_02205	0.000513894
UniRef90_A0A377DKR9	0.000513894
UniClust90_4668-AIPLIPDL_01351	0.000512798
UniRef90_A0A174E251	0.000510621
UniRef90_A0A377KFE7	0.000510621
UniRef90_M0R0K1	0.000510621
UniRef90_K1TYT4	0.000509539
UniClust90_42195-GOGJPALE_01423	0.000507389
UniRef90_U3U4V1	0.000507389
UniRef90_A0A173YR90	0.000507265
UniRef90_A0A174LUX8	0.000506321
UniRef90_UPI00066EFFC8	0.000506067
UniRef90_UNK6178-JDHOHDGE_01139	0.000505257
UniClust90_66069-NGDDGGKC_01590	0.000504278
UniRef90_A0A3N2KVL2	0.000503919
UniRef90_UNK4751-APAHCGGJ_01006	0.000503143
UniRef90_A0A3R6LUQ1	0.000502093
UniClust90_6649-JJCHFHCN_00234	0.000501047
UniRef90_A0A0G1WLA4	0.000500005
UniRef90_A0A1D3UW64	0.000500005
UniRef90_K5A7V2	0.000500005
UniRef90_UNK4760-GEDGMAEB_04851	0.000500005
UniClust90_5184-PJPHNPON_01670	0.000498968
UniRef90_A0A174RFL8	0.000498968
UniRef90_A0A376WJQ0	0.000498968
UniRef90_C0B5F1	0.000498968
UniRef90_UNK5184-PJPHNPON_01670	0.000498968
UniRef90_A0A377DR21	0.000497935
UniRef90_F3AT74	0.000497701
UniRef90_P0AAV5	0.000495881
UniClust90_104233-DMCFJOED_00019	0.000495511
UniRef90_A0A1C5Z967	0.000494861
UniRef90_A0A376UKW7	0.000494861
UniRef90_A0A379S7Q6	0.000494671
UniRef90_A0A0P0M0P4	0.000491101
UniRef90_A0A376KKC1	0.000490821
UniRef90_C7H351	0.000490821
UniRef90_A0A485B552	0.000487834
UniClust90_4471-AIFAHEGE_00669	0.000486847
UniClust90_4803-CANAFCCN_01037	0.000486847
UniRef90_A0A174WJ72	0.000486847
UniRef90_E0QM31	0.000485863
UniRef90_A0A3P8L1Y2	0.000482937
UniRef90_Q46810	0.000482937
UniRef90_F5NW87	0.000482372
UniRef90_A0A2X2YCM9	0.000481969
UniRef90_P0AC29	0.000481969
UniRef90_A0A174PKQ2	0.000481005
UniRef90_A0A413LIE8	0.000481005
UniClust90_4760-LCLGHFBG_01192	0.000480471
UniRef90_UNK5043-MMNMCPLJ_00752	0.000480045
UniClust90_35592-DAPOJEFA_01547	0.000479088
UniClust90_5183-AJNMKLEL_01287	0.000479088
UniRef90_A0A376LK79	0.000479088
UniClust90_10079-BMFMINNE_04845	0.000477187
UniRef90_A0A2X4ZQ93	0.000477187
UniRef90_A0A366F421	0.000477187
UniClust90_4761-DNGHOHHP_02615	0.000476242
UniRef90_A0A377AZ44	0.000476242
UniClust90_4833-OGOFIJLB_01209	0.000471573
UniRef90_A0A173R8V1	0.000469731
UniRef90_A0A3D3RZE9	0.000469731
UniRef90_Q5LAS7	0.000469731
UniRef90_G1WAK2	0.000468032
UniRef90_K1TXD5	0.000467904
UniRef90_A0A3D1VRA4	0.000466995
UniRef90_Q5LA67	0.000466995
UniClust90_4724-LMEMGFOF_03821	0.00046609
UniClust90_4631-ADOGLMBP_03778	0.00046429
UniClust90_36974-NOLDNNFB_00018	0.000462505
UniClust90_4732-NBALLBED_04472	0.000462505
UniRef90_UNK59878-HPOFCIPN_01195	0.000462505
UniRef90_Q5LG56	0.000460733
UniClust90_4602-ANFPFCLD_00850	0.000459852
UniClust90_4604-CDDIACJP_00847	0.000459852
UniRef90_Q9HFN4	0.000459852
UniClust90_4631-ADOGLMBP_01374	0.000458706
UniRef90_A0A160SSU6	0.0004581
UniClust90_4809-EGGAKFFC_03334	0.000457229
UniClust90_7063-NJMLOHPD_01516	0.000457229
UniRef90_A0A376ML21	0.000455497
UniRef90_A0A0D9S081	0.000454636
UniClust90_83503-AFPCENEE_01107	0.000453778
UniRef90_A0A174V0Z4	0.000452924
UniRef90_H0U476	0.000452924
UniRef90_H4LDT8	0.000452072
UniRef90_P77150	0.000450567
UniRef90_A0A1Q9P371	0.000450379
UniRef90_A0A449I0P9	0.000450379
UniRef90_A0A2X1KG77	0.000449593
UniClust90_41519-LOAMDPHD_00819	0.000448699
UniRef90_A0A376KK13	0.000447863
UniClust90_4759-FONLMPPF_01523	0.00044703
UniClust90_4832-HKGAKKIO_01302	0.00044703
UniRef90_A0A2X7NX91	0.00044703
UniRef90_O53021	0.00044703
UniRef90_W9T9N8	0.000446201
UniRef90_Q46948	0.000445375
UniRef90_A0A348APS4	0.000444552
UniRef90_D4LHN1	0.000444552
UniClust90_40904-KKDGMLOE_02815	0.000443731
UniClust90_43521-FJCBFFNK_00828	0.000441289
UniClust90_4080-MPAJEOPH_00333	0.000440481
UniRef90_A0A2D3C320	0.000440481
UniClust90_4031-JGDLJHEC_01816	0.000438873
UniClust90_47527-DOPKCLGM_01578	0.000438873
UniRef90_A0A1B1Q348	0.000438675
UniRef90_A0A2K5S6U9	0.000438074
UniRef90_A0A377D1J1	0.000437277
UniRef90_A0A485EAZ7	0.000436483
UniRef90_H1LT10	0.000436483
UniRef90_A0A377K1A6	0.000434905
UniRef90_P0ADA2	0.000433338
UniClust90_58537-KJHEFLDJ_00009	0.000432558
UniRef90_A0A484YWZ4	0.000432558
UniRef90_A0A0T9WKE9	0.000431782
UniClust90_66068-IKCBIOMH_01672	0.000431008
UniRef90_A0A377KEN1	0.000431008
UniRef90_UNK1867-LAAEEMPK_02251	0.000431008
UniRef90_A0A377AMH9	0.000429481
UniRef90_Q8A0U2	0.000429469
UniRef90_A0A376TU91	0.00042794
UniRef90_UNK15267-OIHEKMMJ_01615	0.00042794
UniRef90_C5EJE5	0.000426423
UniRef90_A0A060RA92	0.000426046
UniRef90_Q6QI14	0.000424272
UniClust90_4741-ECNMBNDG_00036	0.00042342
UniRef90_A0A379WL33	0.00042342
UniRef90_A0A417ZN93	0.00042342
UniRef90_A0A377JXW7	0.000422676
UniRef90_Q8A7Z7	0.000422676
UniClust90_35459-CKOFIKCJ_01160	0.000421934
UniRef90_Q8A9C2	0.000421934
UniRef90_UNK41402-JNMEDHBD_02141	0.000421934
UniRef90_A0A174M7J6	0.000421195
UniRef90_A0A3D1NJW5	0.000421195
UniClust90_94881-NMCKOOBA_00217	0.000420459
UniRef90_A0A351TS15	0.000420459
UniClust90_4715-MJGBLFNE_01072	0.000419725
UniClust90_4758-OENGFKLG_01713	0.000419725
UniRef90_W1IAS0	0.00041971
UniRef90_A0A409FFZ3	0.000419111
UniRef90_A0A078RFD0	0.000418994
UniRef90_D3AU76	0.000418994
UniRef90_A0A174S447	0.000416815
UniRef90_A0A2M6GIE8	0.000416815
UniRef90_A0A376SEZ5	0.000416094
UniRef90_UNK6753-PHHKMFAM_01909	0.000416094
UniRef90_Q3L7K3	0.000415375
UniClust90_4449-AOGIHNIN_01609	0.000414659
UniClust90_4994-HNLBPLLI_01292	0.000413234
UniRef90_E6SP10	0.000413234
UniRef90_H0Y450	0.000413234
UniClust90_4759-DPKOFAIA_02934	0.000410414
UniRef90_UNK36988-KDGGNIJA_01624	0.000409714
UniRef90_A0A0P0FMI4	0.000409018
UniRef90_P63633	0.000408323
UniClust90_35590-HBJNCMAI_02315	0.000407631
UniRef90_A0A174BKC5	0.000407516
UniRef90_D6D811	0.000406941
UniRef90_Q0TBU8	0.000406941
UniRef90_A0A0B8QJK8	0.000406254
UniRef90_E5Y1N1	0.000406254
UniRef90_P76008	0.000405569
UniClust90_4732-NBALLBED_00527	0.000404886
UniRef90_P76459	0.000404886
UniClust90_4725-CINLKEBL_03952	0.000403528
UniRef90_A0A3D3J2X8	0.000403528
UniRef90_A0A379TBU7	0.000402852
UniRef90_W4PLY5	0.000401507
UniRef90_A0A377CJY0	0.000400837
UniClust90_27789-PFALEEGP_03188	0.00040017
UniRef90_A0A2X1J5H1	0.00040017
UniRef90_A0A376TN11	0.00040017
UniRef90_H1LTT2	0.00040017
UniRef90_B3CB01	0.000399506
UniClust90_41417-GNJGCAMD_00102	0.000398582
UniClust90_94879-GCCHEAFC_03745	0.000398487
UniRef90_UNK1945-MIENNJHC_00198	0.000398024
UniClust90_4862-MCFEMOPM_00985	0.000397525
UniClust90_6747-PILGBFIM_01574	0.000397525
UniClust90_4672-KAGJCICJ_01885	0.000396869
UniRef90_UNK102240-ALJHEMFE_01147	0.000396869
UniClust90_1860-MNANOHJO_01898	0.000396215
UniClust90_4778-HJJEFBOL_00603	0.000396215
UniClust90_4631-FGPCFHBK_02566	0.000394914
UniRef90_E2QKZ9	0.000394914
UniRef90_A0A376SAL3	0.000392978
UniRef90_A4WY88	0.000392978
UniClust90_3613-HENBHNGE_00279	0.000392337
UniRef90_A0A377DJR3	0.000391698
UniClust90_63877-FEPKKKLB_01228	0.000391061
UniRef90_A0A174F6T3	0.000391061
UniClust90_1878-PJAOOBFH_00512	0.000390426
UniClust90_29002-NGKEGGIO_01135	0.000390426
UniRef90_A0A090RMB9	0.000389793
UniRef90_A0A174RDN7	0.000389162
UniRef90_A7B2E0	0.000389162
UniRef90_P03697	0.000389162
UniClust90_27789-PFALEEGP_01497	0.000387282
UniClust90_76661-ECIIBGBO_00221	0.000387282
UniClust90_47582-FPBHEBLK_00628	0.00038666
UniRef90_A0A1C5RK29	0.000386039
UniClust90_41654-OFHPEMKP_02312	0.000385421
UniRef90_A0A447X644	0.000385421
UniRef90_A0A447URA2	0.000384189
UniRef90_A0A174JUM1	0.000383732
UniRef90_W1F758	0.000383576
UniRef90_A0A376KP17	0.000382966
UniClust90_41613-HKDLEJHG_01521	0.000382357
UniClust90_4419-BEEMEPAJ_00018	0.000382357
UniClust90_4777-HNAGEJJI_01377	0.000382357
UniClust90_4794-FDJIDHJE_00144	0.000382357
UniRef90_A0A376J2I6	0.000382357
UniClust90_29422-FAPHNNAK_00325	0.00038177
UniRef90_D4VNI2	0.00038175
UniRef90_A0A1M4M9K9	0.000381145
UniClust90_105985-CKHFEIFD_00148	0.000380542
UniRef90_A0A227LFQ8	0.000379726
UniClust90_4714-BPHPCNMJ_01360	0.000379527
UniRef90_A0A414A9I1	0.000379341
UniRef90_A0A0U5P6S6	0.000378744
UniRef90_B0EG47	0.000378148
UniClust90_4721-KIFJDMHE_01521	0.000377555
UniClust90_6183-OJCCBJPH_01782	0.000377555
UniRef90_G4V945	0.000377555
UniClust90_37164-AKEFAAEG_02219	0.000376963
UniRef90_C9IZU8	0.000376963
UniRef90_A0A174YZP4	0.000376373
UniRef90_P16679	0.000376373
UniClust90_4586-EGDNOHBC_00251	0.000375199
UniRef90_A0A061KLE0	0.000375199
UniRef90_A0A2X3M652	0.000374614
UniClust90_35817-HNMABOFE_00241	0.000373451
UniRef90_A0A376LME8	0.000373451
UniRef90_A0A376SBH3	0.000373451
UniRef90_A0A376Y6A0	0.000373451
UniClust90_66069-PLHALDOI_00641	0.000372295
UniRef90_A0A377CBH4	0.000372295
UniClust90_47663-DKHDBDLI_01713	0.000371568
UniRef90_A0A2X1N9Z3	0.000371146
UniClust90_1959-JACFLFGM_00322	0.000370004
UniRef90_A0A447X9I5	0.000370004
UniRef90_P32719	0.000369435
UniRef90_F9Z3W4	0.00036919
UniClust90_41692-OFKCHDHG_00593	0.000367179
UniRef90_A0A2X3JS47	0.000367179
UniRef90_A0A139JYB9	0.00036662
UniRef90_A0A377F7F0	0.00036662
UniRef90_A0A377K135	0.00036662
UniRef90_P42216	0.00036662
UniClust90_37143-HGGDLLOD_00901	0.000366062
UniClust90_3156-FOLANNPA_02303	0.000365505
UniClust90_4732-NBALLBED_00645	0.000365505
UniRef90_A0A173WXG6	0.000365505
UniClust90_4703-ADIEGBIH_01202	0.000364951
UniRef90_A0A174V0A6	0.000364951
UniClust90_37508-DGMFPFOJ_00050	0.000363846
UniClust90_8059-LPCKHCBL_00907	0.000363297
UniRef90_A0A2I3S6X0	0.000362749
UniRef90_C5EUM5	0.000362749
UniClust90_4960-NBCFILEG_01999	0.000362202
UniClust90_6184-DIMDMAFO_00056	0.000362202
UniRef90_A0A447WKE8	0.000362202
UniRef90_C7S9U6	0.000361658
UniRef90_A0A0L1M3V8	0.000361115
UniRef90_R6EMF8	0.000361115
UniClust90_39990-GKIMNOGB_00257	0.000360573
UniRef90_A0A108T1Q9	0.000360573
UniRef90_K5Z582	0.000360034
UniRef90_E5X2I3	0.000358959
UniClust90_71883-AGDDHNLK_00750	0.000358424
UniClust90_43560-CNDPCHIA_00454	0.00035789
UniRef90_J9FPG4	0.00035789
UniRef90_A0A379TAH7	0.000356828
UniRef90_A0A376U342	0.0003563
UniRef90_T4APD8	0.0003563
UniRef90_A7AGQ5	0.000355773
UniRef90_C7G8P8	0.000355773
UniRef90_Q8A8H2	0.000354723
UniRef90_Q8A287	0.000353396
UniClust90_14881-FEKGNAIL_00821	0.000353161
UniClust90_4519-LLEFELKG_04384	0.000353161
UniRef90_Q8A004	0.000353161
UniRef90_A0A376RR94	0.000351098
UniClust90_47660-DECOOLAL_01684	0.000350587
UniRef90_UNK41480-OHDIKHAG_01939	0.000349705
UniClust90_4701-LJKBLDBL_00692	0.000349567
UniRef90_W1APG1	0.00034946
UniRef90_P23917	0.00034906
UniRef90_A0A174EAD3	0.000348896
UniRef90_A0A0I1NL42	0.000348554
UniRef90_A0A174L4A9	0.000348554
UniRef90_A0A1C5P989	0.00034805
UniRef90_Q8A0B5	0.00034805
UniRef90_A0A1E3A2A6	0.000347547
UniClust90_6139-CHIEAOIA_01163	0.000347045
UniRef90_A0A414B171	0.000346545
UniRef90_UNK35727-HJGBHLMC_01106	0.000346545
UniRef90_C6ITE1	0.000346123
UniClust90_4042-DACLFOIA_01000	0.000345549
UniRef90_A0A376NZN6	0.000345549
UniClust90_58537-FJCGEGON_01092	0.000345054
UniClust90_4701-COBFAEPB_01489	0.000344559
UniRef90_A0A174IB91	0.000344066
UniRef90_P44839	0.000343575
UniRef90_A0A381IB31	0.000343085
UniClust90_4042-OAHCFMIJ_01138	0.000342596
UniRef90_A0A0L6ZBJ4	0.000342596
UniRef90_A0A174JWW5	0.000342109
UniRef90_A0A447LUR1	0.000342109
UniRef90_A0A377BBP5	0.000341623
UniRef90_A0A449K2S0	0.000341623
UniClust90_4626-MEFAAPEH_01506	0.000341138
UniRef90_A0A0M9AP40	0.000341138
UniRef90_C9L5U7	0.000340173
UniRef90_A0A174ICT8	0.000338736
UniRef90_A0A174FAF0	0.000337819
UniRef90_A0A377E333	0.000337784
UniRef90_Q45619	0.000337784
UniRef90_A0A173U3Y9	0.000337311
UniRef90_A0A174ZQ73	0.000336367
UniClust90_1949-OBFCLCAA_00550	0.000335429
UniRef90_P24670	0.000335429
UniRef90_A0A139JY33	0.000334962
UniClust90_1821-OBAAGBBA_02218	0.000334496
UniRef90_A0A2X1N444	0.000334031
UniRef90_A0A376MQS4	0.000334031
UniRef90_A0A1V2SYZ0	0.000333568
UniRef90_W4PRD3	0.000332186
UniClust90_14846-JDNHELIA_01280	0.000331727
UniRef90_A0A0U5JDG3	0.000331727
UniRef90_UNK1890-PGIPMGNI_01158	0.000331727
UniRef90_A0A1V5HIR7	0.000331271
UniClust90_4732-DIHGOPAH_00553	0.00033103
UniRef90_UPI000E58EA08	0.000330992
UniRef90_A0A377Z542	0.000330815
UniRef90_A0A0P0EUE4	0.000330371
UniClust90_4549-EOGDDCAJ_01785	0.00033036
UniRef90_A0A174D3K1	0.00033036
UniRef90_E2X3F2	0.00033036
UniClust90_4786-FDJFHFEC_04073	0.000329907
UniRef90_G1WUW5	0.000329907
UniRef90_Q8A8Y4	0.000329907
UniRef90_A0A0P0FRC4	0.000329079
UniClust90_4624-CEFHLILE_01839	0.000328555
UniRef90_Q8A012	0.000328555
UniRef90_Q8A1A0	0.000328107
UniRef90_R5U501	0.00032766
UniRef90_A0A376LNI3	0.000327214
UniRef90_A0A1C5L9B1	0.000327156
UniRef90_R7JBG6	0.000325443
UniRef90_D4J9T8	0.000325043
UniRef90_A0A0T9GXT0	0.000325003
UniRef90_B0NEW9	0.000325003
UniRef90_R5X254	0.000325003
UniClust90_41609-FLABIIBJ_03869	0.000324565
UniRef90_A0A376MLC7	0.000324565
UniClust90_37061-IKAGMIJF_00149	0.000324476
UniRef90_Q83PV6	0.000324127
UniRef90_R5KK50	0.000324127
UniRef90_A0A376VES2	0.000323691
UniRef90_A0A376TQI6	0.000323256
UniRef90_A0A376U5B7	0.000322822
UniRef90_UPI00098BFD8D	0.000321958
UniClust90_4607-AHMJBOJG_00247	0.000321958
UniRef90_A0A1C7I9D2	0.000321527
UniClust90_35814-NPMILCLN_00609	0.000321098
UniClust90_41569-OGGCGLPJ_01053	0.000319817
UniClust90_41645-NMNFJBGE_00582	0.000319817
UniClust90_35722-NBLCFMMP_01371	0.000319392
UniRef90_A0A0K3PRF8	0.000318969
UniClust90_63281-BOHLCLFD_00949	0.000318546
UniClust90_98816-AJMIBJKC_00727	0.000318546
UniRef90_A0A376L6F8	0.000318125
UniRef90_A0A379ZMM8	0.000317766
UniClust90_15126-HCFEKNMG_01954	0.00031769
UniRef90_A7ME22	0.000316889
UniClust90_4873-CGFFJIFE_01163	0.000316867
UniRef90_A0A376L7Y1	0.000316867
UniRef90_A0A174NJ37	0.000316451
UniClust90_1821-PEDHKNNC_03654	0.000316035
UniClust90_37276-EMDGCHIP_00001	0.00031562
UniRef90_A0A376VXH0	0.000314794
UniRef90_A0A377AM63	0.000314382
UniClust90_35694-PMGJJAJF_01886	0.00031403
UniClust90_20496-ADFCKCMF_00595	0.000313972
UniRef90_A0A174KMX4	0.000313972
UniRef90_A0A3B0UD22	0.000313562
UniRef90_B7B5K7	0.000313562
UniRef90_A0A376IZ58	0.000313154
UniRef90_Q8A9S3	0.000312747
UniClust90_1670-PJEHNHEJ_00892	0.000312341
UniClust90_15048-HPONOCOE_00641	0.000311936
UniRef90_A0A416PRJ8	0.000311936
UniRef90_UNK1636-GFJLAJJC_00485	0.000311129
UniRef90_F7JV73	0.000310727
UniRef90_A0A0P0FJD9	0.000309527
UniRef90_A7B614	0.000309527
UniRef90_E0S0Z9	0.000308732
UniRef90_A0A2K6DX02	0.000308336
UniRef90_A0A3S4INM9	0.000308336
UniClust90_41602-GDNEFKEK_03509	0.000306763
UniClust90_23274-DIHGDANO_02190	0.000306652
UniRef90_A0A3S5DGF9	0.000306471
UniRef90_Q3L7K1	0.000306372
UniRef90_A0A085G185	0.000306146
UniClust90_35799-HJOJCPPO_00477	0.000305998
UniClust90_41487-JBLPHADH_00899	0.000305983
UniRef90_A0A0C5VR51	0.000303282
UniRef90_A0A447Y4V2	0.0003029
UniClust90_1848-IEKICCCN_00779	0.00030176
UniRef90_A0A1Y3V595	0.000301381
UniRef90_A0A377A4R4	0.000301381
UniClust90_35846-POKOAEIB_01467	0.0003012
UniRef90_B7CC64	0.000300628
UniRef90_A0A174PS36	0.000300253
UniRef90_A0A174HNZ1	0.000299132
UniRef90_A0A377VZH6	0.000299132
UniRef90_Q8A251	0.000299132
UniClust90_37323-MFKIDPOE_01463	0.000298761
UniClust90_35769-PDBJNHDO_00587	0.00029839
UniRef90_A0A0P0GNF1	0.00029839
UniRef90_A0A1E3A807	0.00029839
UniRef90_Q8A624	0.00029839
UniRef90_A0A142CN56	0.000297651
UniRef90_A0A2M9V337	0.000297651
UniRef90_UNK35781-GLJPJAFA_01058	0.000297651
UniRef90_A0A174SC47	0.000297284
UniRef90_A0A0P0M4J6	0.00029655
UniClust90_4724-BKNAGKLC_02801	0.000296199
UniRef90_Q8X5K0	0.000296185
UniRef90_P03915	0.000296086
UniRef90_A6L8Q7	0.000295821
UniRef90_Q8A018	0.000295821
UniClust90_15394-APDBLFEL_01349	0.000295458
UniRef90_A0A351M2K1	0.000295095
UniClust90_4730-OCJMFEPE_01241	0.000294984
UniClust90_41546-MAFOFBDA_04069	0.000294733
UniRef90_UPI0010206568	0.000294373
UniRef90_C3RFU1	0.0002937
UniRef90_A0A0F9PA75	0.000293654
UniRef90_A0A1B0FDD2	0.000293654
UniRef90_A0A2X1PEW2	0.000293636
UniRef90_A0A357CWZ4	0.000292582
UniRef90_Q9NXB9	0.000292582
UniClust90_94764-CCPPDGAK_02003	0.000292226
UniRef90_A0A2X3JSX0	0.000291998
UniRef90_A0A377D274	0.000291872
UniRef90_A0A376UH85	0.000291336
UniRef90_A0A1D6XS47	0.000291165
UniRef90_P07023	0.000290915
UniClust90_1824-NKAAPBJB_02097	0.000290462
UniRef90_Q8A756	0.000290462
UniRef90_A0A376JFX9	0.000289065
UniRef90_A0A484YAZ2	0.000288675
UniClust90_1877-JPOLECEG_01720	0.000288372
UniClust90_41679-INOAEMDB_01183	0.000288372
UniRef90_A0A449CQV9	0.000288372
UniRef90_UNK4721-JKMHDHJH_02112	0.000288027
UniRef90_C0D3G7	0.000287339
UniRef90_E2QET2	0.000287339
UniRef90_A0A173YGB1	0.000286312
UniClust90_48439-EIGKANOA_00789	0.000285632
UniRef90_A0A3G9J579	0.000285632
UniRef90_A0A1X6RME2	0.000285573
UniRef90_R7KFN7	0.000285572
UniClust90_29415-IEHOOAGF_01418	0.000284618
UniRef90_A0A0P0G3U9	0.000284282
UniRef90_A0A376MUC0	0.000284282
UniRef90_A0A0P0ERC5	0.000283611
UniRef90_A0A379TMV7	0.000283611
UniRef90_A0A0N7IFD4	0.000283277
UniRef90_A0A376U0U7	0.000282918
UniClust90_4797-EDMHLOED_01688	0.000282612
UniRef90_A0A174F5M5	0.000281619
UniRef90_A0A180F5T6	0.000281289
UniRef90_A0A1Q6U4A9	0.000280961
UniRef90_A0A2X2UUD1	0.000280961
UniRef90_UNK1679-AAFPKPLF_00482	0.000280633
UniRef90_A0A376UER4	0.000280306
UniRef90_A0A029I7Q0	0.000280306
UniRef90_A0A174PSN1	0.000280306
UniRef90_A0A2X3JJJ1	0.000280306
UniRef90_A0A174HG42	0.000279654
UniRef90_O33799	0.000279578
UniRef90_A0A174CUM1	0.000279329
UniRef90_A0A1C5LB34	0.000279005
UniRef90_R5IQW8	0.000278682
UniRef90_UNK6769-LOOIJOLM_01607	0.000278682
UniRef90_A0A377YLR5	0.000278037
UniRef90_A0A174C7J3	0.000277716
UniRef90_Q8XE94	0.000277716
UniRef90_UNK29422-AFDMBNGL_02539	0.000277396
UniClust90_4785-EBPGBANA_01659	0.000275806
UniRef90_A0A3R6C652	0.000275806
UniRef90_A0A139KJ09	0.000275462
UniClust90_41675-MBFIKIJJ_00711	0.00027486
UniRef90_A0A1C5KS63	0.000274233
UniRef90_A0A239STI2	0.000274233
UniRef90_A0A1C7FRY9	0.000273609
UniRef90_A0A0P0F9I6	0.000273298
UniRef90_A0A449ES54	0.000272988
UniRef90_A0A3S4US58	0.000272678
UniClust90_4588-EDMGJOMK_01331	0.00027237
UniRef90_A0A174FAR6	0.00027237
UniRef90_H7ELN4	0.00027237
UniClust90_1920-OAPBBNHD_01473	0.000272062
UniRef90_A0A1H3WAT9	0.000271754
UniClust90_14960-KLODFDNE_02082	0.000271561
UniRef90_A0A0I1PLG0	0.000269018
UniRef90_Q89ZN1	0.000268718
UniRef90_A0A489YS23	0.000268418
UniRef90_A0A180FCA3	0.000268119
UniRef90_A0A447R0Q9	0.000268119
UniClust90_1878-CFMNANBK_03206	0.000266928
UniRef90_A0A066SY29	0.000266632
UniRef90_A0A446GK88	0.000266337
UniRef90_UPI0009E46A26	0.000266337
UniRef90_A0A174XM63	0.000266042
UniRef90_Q2TTT5	0.000265455
UniRef90_A0A376NTA6	0.000265163
UniRef90_A0A376L6Z6	0.00026487
UniClust90_21450-OLNEKPPP_01997	0.000264611
UniClust90_41874-ACPFNFPN_00953	0.000264579
UniClust90_4631-GPMJCAIH_01766	0.000264407
UniRef90_A0A174NGH2	0.000263998
UniRef90_A0A376V9Y3	0.000263718
UniClust90_4711-JLCPHMGA_01823	0.000261985
UniRef90_A0A174P5Q9	0.000261985
UniRef90_A0A377E079	0.000261985
UniRef90_A0A108T4P3	0.00026176
UniClust90_1857-EEGOAELH_00322	0.000261416
UniRef90_A0A381JKA5	0.000261416
UniRef90_A0A2X3LKE9	0.000261132
UniRef90_M1EXV1	0.000260849
UniRef90_T2RG56	0.000260566
UniRef90_UPI00097D15D4	0.000260566
UniClust90_4587-MJGGPJBM_01325	0.000260284
UniRef90_Q8A137	0.000259162
UniRef90_A0A0P0F9Y9	0.000258883
UniRef90_A0A1H9MBQ7	0.000258605
UniRef90_A8RPD3	0.000258605
UniRef90_A0A377KD78	0.00025805
UniRef90_A0A285PX44	0.000257497
UniClust90_4920-LONGMEKK_00731	0.000257222
UniRef90_P04391	0.000257222
UniRef90_P03708	0.000257197
UniRef90_UNK4760-PKOBCAJE_02251	0.000256947
UniRef90_P39280	0.000256673
UniClust90_98135-JGOGJBMH_00530	0.000256594
UniRef90_A0A351TMQ7	0.000256399
UniRef90_A0A381JPJ1	0.000256399
UniRef90_A0A376RMY1	0.000255854
UniRef90_A0A447Y3D8	0.000255854
UniRef90_Q08408	0.000255592
UniClust90_41554-KDFNEAPB_01319	0.00025531
UniRef90_A0A377DY12	0.00025531
UniRef90_D8GL76	0.00025504
UniRef90_E2QIQ9	0.00025504
UniRef90_A0A2X1IVM6	0.000254769
UniClust90_4677-BBDNLHLG_01751	0.000253695
UniRef90_F9YQ08	0.000253427
UniClust90_37068-OGEIELJD_01041	0.00025316
UniRef90_A0A0F0CC44	0.00025316
UniRef90_A0A139KGY7	0.000252363
UniRef90_A0A174P129	0.000251572
UniRef90_A0A2X2X184	0.000251572
UniRef90_A0A376UF46	0.000250785
UniRef90_A0A377BPW1	0.000250785
UniRef90_A0A377D6B2	0.000250523
UniRef90_A0A376U0Q5	0.000249484
UniRef90_A0A376YHR5	0.000249484
UniRef90_UNK1847-KDHPPLOI_02647	0.00024743
UniRef90_A0A376VEX5	0.000247412
UniClust90_1949-ENNILKEN_02549	0.000247176
UniRef90_A0A378E5D0	0.000247176
UniClust90_4759-OAEKDPBP_00238	0.000246922
UniRef90_A0A151ATY1	0.000246669
UniRef90_A0A377K0T2	0.000246416
UniRef90_A0A3T8DGI0	0.000246228
UniRef90_UPI00092E4B0C	0.000245912
UniClust90_1589-CJIEMMFP_00718	0.000245011
UniClust90_41718-OOOJIOBN_01483	0.000244911
UniRef90_P67088	0.00024418
UniRef90_A0A376KY81	0.000244165
UniClust90_41470-KCJJCKNE_01204	0.000243917
UniRef90_A0A377C3D6	0.000243423
UniRef90_A0A023Z7K7	0.000242935
UniRef90_A0A377D5W1	0.000242932
UniRef90_A0A381D7W8	0.000242932
UniRef90_A0A2R8EDA3	0.000242687
UniRef90_UPI0006D54AFC	0.000242687
UniRef90_A0A376VZ79	0.000240502
UniClust90_35765-INAMDGPO_00526	0.000240314
UniRef90_A0A376Y5Q6	0.000240262
UniClust90_31142-FPGOMCDE_01314	0.000240022
UniRef90_A0A2X1KKX9	0.000239544
UniClust90_1930-LIJMBOEB_00886	0.000238594
UniRef90_A0A2S6E625	0.000238594
UniRef90_D0X3Q0	0.000238594
UniRef90_Q8X4B4	0.000238594
UniClust90_37021-IKJMPMFK_00595	0.000238563
UniRef90_A0A0I2G712	0.000238121
UniRef90_G3LUQ5	0.00023789
UniRef90_A0A1C5SUT6	0.000237886
UniRef90_A0A376KPL7	0.000237886
UniClust90_15132-OAJDBGOF_00435	0.000237416
UniRef90_A0A2X2USU0	0.000236715
UniRef90_C9M655	0.000236715
UniClust90_4705-FOHGFOJM_01492	0.000236298
UniRef90_A0A173YG54	0.000236018
UniRef90_A5ZSP8	0.000235556
UniClust90_1824-OLLDMFDK_01973	0.000235325
UniRef90_R6RSA8	0.000234866
UniRef90_A0A108T4Q6	0.000234636
UniRef90_A0A2X1MVH6	0.000233952
UniRef90_A0A139K111	0.000233724
UniClust90_4594-GCAGKNED_02606	0.000233271
UniRef90_A0A376JHF5	0.000233045
UniRef90_A0A376VTI1	0.000233045
UniRef90_Q6CZD9	0.000231698
UniClust90_2329-GHCAGAMK_00301	0.00023103
UniClust90_4622-EIAKFOPL_02025	0.000229268
UniRef90_A0A447MCZ7	0.000228953
UniRef90_A0A174BLE6	0.000228832
UniRef90_A0A174V7H0	0.000228397
UniRef90_A0A376T5M9	0.000228181
UniRef90_Q8A9A2	0.000227748
UniRef90_A0A1C5UE86	0.000227318
UniRef90_P36655	0.000227037
UniRef90_A5ZPI1	0.000225824
UniRef90_A0A0E9DCK8	0.000225612
UniRef90_UNK101324-AIHEKAIF_00697	0.000225612
UniRef90_A0A174PRD2	0.000225402
UniRef90_A0A174SX05	0.00022519
UniRef90_A0A3C0NYK3	0.000224769
UniClust90_15159-EHALHOHD_01033	0.000224664
UniRef90_A0A377TK88	0.000224559
UniRef90_A0A0F0C8W7	0.000223931
UniRef90_A0A377DVN5	0.000223931
UniRef90_A0A355TZE3	0.000223919
UniClust90_7275-HFBMIKNP_00894	0.000223723
UniRef90_A0A379T2Z6	0.000223667
UniClust90_79702-LBEPPCPE_03628	0.000223515
UniRef90_A0A173UXR3	0.000223101
UniClust90_1429-HINHLFMI_01678	0.000222972
UniRef90_P12281	0.000222276
UniRef90_C0B7F4	0.00022105
UniRef90_C6IGP4	0.00022105
UniRef90_A0A174RX26	0.000220644
UniClust90_20262-GJIAJJGE_01459	0.000220534
UniClust90_71704-FDKHLAAC_00649	0.000220442
UniRef90_P21189	0.000220225
UniRef90_P00395	0.000220157
UniRef90_P33222	0.000220039
UniClust90_5848-BODLNNAI_00142	0.00021977
UniRef90_A0A0N7IEZ7	0.000219637
UniRef90_UNK4758-GCBBKPJO_02786	0.000219637
UniRef90_A0A2X1KFE1	0.000219527
UniRef90_A0A069D1F8	0.000219437
UniClust90_69981-MEPGDCDO_01345	0.000219037
UniRef90_A0A2X1HT18	0.000218837
UniRef90_UNK15074-AJGKGBCP_01628	0.000218639
UniRef90_A0A0E2AWP1	0.000218383
UniClust90_37553-IKLLDMGM_00002	0.000217846
UniRef90_A0A0P0M1H0	0.000217846
UniRef90_A0A376ZL28	0.000217721
UniRef90_A0A174BQL4	0.000217649
UniRef90_A0A174CXJ3	0.000217256
UniRef90_E2NFM4	0.000216864
UniRef90_A0A174NBX1	0.000216669
UniRef90_A0A376Y888	0.000216085
UniRef90_A0A376L102	0.000215891
UniClust90_35759-FHEMDLLC_01121	0.000215697
UniRef90_D4MR69	0.000215697
UniRef90_A0A376L485	0.000215356
UniRef90_A0A174YD05	0.000214926
UniRef90_A0A415PPX5	0.000214352
UniRef90_B2U3X7	0.00021397
UniRef90_A0A2D8KCU4	0.00021359
UniRef90_A0A377D4U8	0.00021359
UniRef90_A0A3S4P406	0.000213211
UniRef90_A0A0P0LNH5	0.000212834
UniRef90_A0A376KYP2	0.000212458
UniClust90_35745-AGAHFPMP_01266	0.000212348
UniClust90_1930-OAOANEAP_01556	0.00021227
UniRef90_A0A0P0FKS7	0.00021171
UniRef90_A0A067HQX2	0.000211152
UniClust90_41480-MHKAPKDN_01558	0.000210547
UniClust90_41598-FGKKEOBA_01902	0.000210229
UniRef90_A0A077ZP93	0.000209862
UniRef90_A0A2X2VFH6	0.000209862
UniRef90_A0A173WUW4	0.00020968
UniRef90_C6CBG9	0.000209315
UniRef90_A0A2X1JXE8	0.000209133
UniClust90_41556-MAIILGBK_00068	0.000208951
UniRef90_A0A174DPR1	0.000208227
UniRef90_A7MGY5	0.000207509
UniRef90_A0A484Z1E4	0.00020721
UniClust90_66070-LKEKFMKF_01523	0.000206875
UniRef90_A0A0N7IET9	0.000206795
UniRef90_A0A2W0C552	0.000206617
UniRef90_A0A381KL01	0.000206617
UniRef90_A0A376RV52	0.000206086
UniRef90_A0A174CDG6	0.000205733
UniRef90_A0A377B2E0	0.000205032
UniRef90_Q8A6N4	0.000204857
UniRef90_Q8A1A2	0.000204509
UniClust90_41645-IPMLFDCN_01650	0.000204443
UniClust90_41518-CDJNENMC_04319	0.000203988
UniRef90_W0HKL3	0.000203816
UniRef90_A0A174LWS5	0.000203643
UniRef90_P09832	0.000203643
UniRef90_Q5E1G4	0.000203643
UniRef90_A0A174VL17	0.000202784
UniRef90_A0A1C6HTW8	0.000202784
UniRef90_A0A1C5YKS4	0.000202614
UniRef90_Q8A0F6	0.000202103
UniRef90_A0A376WS61	0.000201933
UniRef90_A0A377JXD1	0.000201933
UniClust90_27789-PFALEEGP_04692	0.000201426
UniRef90_A0A0V2F0T4	0.000200612
UniClust90_3965-EFDGBIFN_00832	0.000200579
UniClust90_41609-CPDJHDMI_01712	0.000200419
UniClust90_37157-POGABLFE_01581	0.000199982
UniRef90_A0A376TKJ6	0.000199919
UniRef90_A0A377D2L8	0.000199753
UniRef90_F7LSI8	0.000199753
UniClust90_1977-NKHHEOGC_00984	0.000199051
UniRef90_A0A2X1NEN6	0.000198927
UniRef90_P31242	0.000198271
UniRef90_A0A376LEE4	0.000197944
UniRef90_A0A174I0D7	0.000197944
UniRef90_A0A447XWB8	0.000197746
UniRef90_A0A174YGK5	0.000197295
UniClust90_4715-MEOFHCLN_00447	0.00019728
UniRef90_UPI000462F709	0.00019681
UniRef90_A0A414ZAH5	0.000196489
UniRef90_A0A377BQ84	0.000196168
UniRef90_A0A015SD35	0.000195372
UniRef90_A0A0P0FLI1	0.000195055
UniRef90_A0A1B0FCE5	0.000194897
UniRef90_A0A2X1L2X8	0.000194897
UniClust90_2329-HEDKPCPK_01278	0.000194571
UniRef90_A0A447NXP2	0.000193954
UniRef90_A0A2X3KBA5	0.000193641
UniRef90_A0A3E3AJV7	0.000193175
UniRef90_A0A139L7C0	0.000192556
UniClust90_4529-OKMGJDBH_01682	0.000192522
UniRef90_B0NI64	0.000192248
UniRef90_A0A2X2UQD6	0.000192248
UniRef90_A0A485JA69	0.000191788
UniRef90_Q8A9J0	0.000191788
UniRef90_A0A2X3KKH1	0.000191483
UniRef90_A0A3D1Q388	0.000191241
UniClust90_1858-IHICEIIA_00665	0.000191027
UniRef90_W1X9F5	0.00018997
UniRef90_A0A174Y3Y2	0.00018997
UniRef90_A0A376L2R5	0.000189596
UniRef90_A0A174BIC0	0.000189472
UniRef90_A0A139KE90	0.000189372
UniRef90_W1GMF4	0.000189074
UniRef90_D4MZB4	0.000188926
UniRef90_A0A0F0C7U6	0.000188777
UniRef90_A0A174H5M7	0.00018849
UniRef90_A0A1E3ATM1	0.000187893
UniRef90_A0A480PU20	0.000187453
UniRef90_D9R257	0.000187307
UniRef90_A0A3D2NBP1	0.000187161
UniRef90_A0A376RST8	0.000186871
UniRef90_A0A376RQA3	0.000186725
UniRef90_A0A376NXH1	0.000186147
UniRef90_A0A377BB45	0.000185877
UniRef90_Q8A7V7	0.000185002
UniRef90_A0A139KGL9	0.00018486
UniRef90_R5C3J5	0.00018486
UniRef90_A0A3S4FP50	0.000184718
UniRef90_A0A174HM18	0.000184224
UniClust90_27790-IEIBLKFO_00036	0.000184152
UniRef90_E0SC95	0.000184011
UniRef90_UPI000E1DF96F	0.000183965
UniClust90_31090-OHFABADI_04758	0.000183874
UniRef90_A0A376ZN48	0.00018387
UniRef90_A0A173XRS4	0.00018373
UniRef90_UNK5072-HPPOPFLM_01144	0.00018345
UniRef90_W1AY29	0.00018331
UniClust90_48424-JAGEDNEB_00168	0.000183031
UniRef90_Q8A155	0.000183031
UniClust90_4762-BAAKIJAF_03114	0.000182753
UniRef90_Q8A455	0.000182061
UniClust90_41522-PLDHFHCA_01705	0.000181786
UniRef90_A0A2X3J8U2	0.000181786
UniRef90_UNK41522-PLDHFHCA_01705	0.000181786
UniRef90_P13035	0.000181648
UniClust90_37159-PDGOPJAB_01359	0.000181511
UniClust90_43523-PKKLBPEG_00005	0.00018072
UniClust90_41875-OAAIOIGL_01296	0.000180557
UniClust90_1828-OOJOIKFM_01865	0.000180557
UniRef90_A0A376VPM6	0.000180557
UniClust90_4316-LOMJCDJJ_00818	0.000180152
UniRef90_A0A376LGW3	0.000180017
UniRef90_A0A139K5R2	0.000179346
UniRef90_UNK2290-HPPMBIFN_02061	0.000178312
UniRef90_A0A377CH08	0.00017815
UniRef90_B0NKJ0	0.00017815
UniRef90_A0A3S4M6E1	0.000177624
UniRef90_R7R5X4	0.000177624
UniRef90_D1NUT3	0.00017762
UniRef90_D4JL31	0.000177231
UniClust90_61303-KJOIEHFJ_02059	0.000177003
UniRef90_A0A3S4KW08	0.00017684
UniRef90_A0A376RDW5	0.00017657
UniRef90_A0A066SYV7	0.000176063
UniRef90_A0A2N5NEC8	0.000176063
UniClust90_96486-EFGDKLAI_00803	0.000175434
UniRef90_P09126	0.000175293
UniRef90_A0A0P0FSV5	0.000175038
UniRef90_A0A3P5CCX9	0.000175038
UniRef90_F4MXX6	0.000174911
UniRef90_A0A174UFS5	0.000174481
UniRef90_P26459	0.000174403
UniRef90_A0A376J3V9	0.000173773
UniClust90_5144-OGDEJFKL_00452	0.000173148
UniRef90_A0A174I8B8	0.000173023
UniRef90_A0A396NZG5	0.000172403
UniRef90_A0A377W8X7	0.000171542
UniRef90_A0A0P0EUP1	0.000171536
UniRef90_A0A174UMA4	0.00017142
UniRef90_W1G113	0.00017124
UniRef90_A0A174K0A6	0.000171054
UniRef90_A0A174PUX6	0.000171054
UniClust90_4810-CADFOHJD_01933	0.000170811
UniRef90_A0A0P0FQ27	0.000170207
UniRef90_A0A174ETX1	0.000169726
UniRef90_A0A0I1T9A0	0.00016913
UniRef90_A0A0N7I9Z9	0.000168301
UniRef90_A0A490CAX4	0.000168301
UniRef90_A0A174GN28	0.000168184
UniClust90_55218-JGDFKOEJ_00512	0.000167949
UniRef90_A0A0U1KSX8	0.000167831
UniRef90_P0AAG7	0.000167831
UniClust90_47582-DAMJGGMA_02051	0.000167636
UniRef90_A0A174LLX0	0.000167364
UniRef90_A0A379RYT5	0.000167364
UniRef90_A0A381JNS5	0.000167248
UniRef90_Q8ZN60	0.000165521
UniRef90_A0A3S4KP56	0.000164728
UniRef90_E5VEE6	0.000164165
UniRef90_A0A376W483	0.00016383
UniRef90_P77265	0.000162722
UniRef90_A0A343H6L5	0.0001612
UniRef90_A0A2X1LVZ6	0.000160979
UniRef90_A0A377AY01	0.000160979
UniRef90_P52097	0.000159879
UniRef90_A0A2X4WS86	0.000159539
UniRef90_R7IPI9	0.000159273
UniRef90_Q89YN0	0.000159062
UniClust90_15127-CNGOMNBJ_02336	0.000158957
UniRef90_A0A376RKD0	0.000157706
UniRef90_A0A485AN59	0.000157298
UniRef90_A0A376RR67	0.000156884
UniClust90_4751-APAHCGGJ_00497	0.000156679
UniRef90_A0A2T4T304	0.000155448
UniRef90_A0A127L6R6	0.000155363
UniClust90_41598-COHNIGAG_01945	0.000154963
UniRef90_A0A0S2I5D0	0.000154963
UniRef90_A0A376TJM5	0.000154963
UniRef90_A0A1V5GZY1	0.000154641
UniRef90_P08331	0.000154565
UniRef90_P0A9W4	0.000154267
UniClust90_2093-BJCNHCGL_01328	0.000154177
UniRef90_A0A143X9K9	0.000154069
UniRef90_A0A376T4D3	0.000153774
UniRef90_UNK41518-AIMDCAKP_01753	0.000153774
UniClust90_102301-ABHILCPH_01583	0.000153585
UniRef90_P37765	0.000153382
UniClust90_1796-CNEABBOP_01983	0.000152603
UniClust90_1917-FIJMGGKF_02392	0.000152603
UniRef90_UNK63885-GMOHLIED_00212	0.000152603
UniRef90_UPI000EF178C2	0.000152603
UniRef90_A6L012	0.000152217
UniRef90_A0A377JXB1	0.000151957
UniClust90_37071-MPKFPLGM_00755	0.000151641
UniRef90_A0A0T7Q4C1	0.000151641
UniRef90_A0A376L2Y5	0.000151259
UniRef90_P77454	0.000151098
UniRef90_A0A174W7A2	0.000151069
UniClust90_14974-DGGKCDCL_00982	0.000150778
UniRef90_A0A173XZW1	0.000150691
UniRef90_B0N9Q1	0.000150405
UniClust90_1933-EJAAGGAJ_01298	0.000150033
UniRef90_P37649	0.000150033
UniRef90_B2TVU2	0.00014938
UniRef90_A0A2Y0YXN0	0.000149195
UniRef90_W1ATX4	0.000149129
UniClust90_41725-IAMGKFHN_00915	0.000148114
UniClust90_41726-LNPEMDBP_00750	0.000148114
UniRef90_A0A376WV17	0.000148093
UniRef90_A0A377AS87	0.00014791
UniClust90_1845-CBKALMGM_04380	0.000147729
UniRef90_A0A355YP26	0.000146991
UniClust90_41694-CHKNFDAH_00001	0.000146737
UniRef90_A0A0K3XXT1	0.000146677
UniRef90_Q8XD23	0.000146554
UniRef90_A0A0E2H6M0	0.00014638
UniRef90_A0A3S4FM69	0.000146369
UniRef90_A0A0K0Y3T3	0.000145778
UniRef90_A0A376J1K3	0.000144533
UniRef90_W1DRD4	0.000144523
UniClust90_4677-CDKIBEHL_02605	0.000144186
UniRef90_A0A376U071	0.000143927
UniClust90_2124-MEEDKJPG_01009	0.000142647
UniRef90_A0A376L0D1	0.000142141
UniRef90_A0A174G1I7	0.000141973
UniClust90_5184-CFBEONHN_00676	0.000141889
UniClust90_3980-EFPFMJNO_00517	0.000141806
UniRef90_A0A0I2A596	0.000141472
UniRef90_A0A3S4LPL0	0.000141472
UniRef90_A0A377K734	0.00014114
UniClust90_41402-JNMEDHBD_02239	0.000140255
UniRef90_A0A173X169	0.000140071
UniRef90_A0A3E2ULL0	0.00013999
UniRef90_A0A1C5U2I6	0.000139827
UniRef90_P0ABS0	0.000139665
UniRef90_UNK4758-FIMBHCJP_00474	0.000139422
UniRef90_A0A174SUL1	0.00013918
UniRef90_P76562	0.000139099
UniRef90_Q8A8D9	0.000138938
UniRef90_A0A2Z2JH62	0.000138698
UniRef90_A0A377CAS0	0.000138611
UniRef90_A0A376RMX2	0.000138134
UniClust90_14260-HALDFGIM_01196	0.000138112
UniClust90_4753-DPHGKGFE_01243	0.000137903
UniRef90_A0A376MVW6	0.00013743
UniRef90_A0A1C5Z8Z3	0.000136936
UniRef90_A0A180FPZ7	0.000136649
UniRef90_A0A3S4KCH2	0.000136456
UniRef90_P0ADY2	0.000136147
UniClust90_41522-MDADDIOA_02970	0.000136031
UniClust90_41635-HBADMNHA_01798	0.000136031
UniClust90_1813-HLMLIPBN_04406	0.000135789
UniRef90_A0A174PWG9	0.000135494
UniClust90_41875-PHALFKGE_02616	0.000135443
UniRef90_UNK1949-OBBBCDPF_03035	0.000135038
UniClust90_106017-ODLIIELB_00527	0.000134564
UniClust90_41719-DHCCOJKP_02293	0.000134378
UniRef90_A0A174IE09	0.000133612
UniRef90_A0A0J9I2L5	0.000133192
UniClust90_40904-KKDGMLOE_00860	0.000132764
UniRef90_P0AG19	0.000132728
UniRef90_A0A376MJ40	0.000131999
UniClust90_4759-ADKHHNOJ_00865	0.000131854
UniRef90_Q8A6M0	0.000131854
UniRef90_A0A3S4HDK5	0.000131706
UniClust90_73733-AKHHLJLL_00036	0.000131164
UniRef90_A0A108TEJ6	0.000130072
UniClust90_63246-GCENMALJ_00919	0.000129777
UniRef90_A0A379XK64	0.000129721
UniRef90_P05458	0.000129676
UniRef90_A0A0K5Y0I7	0.000129302
UniRef90_Q8XBC7	0.000129302
UniClust90_4546-OIIHINOC_01049	0.000129099
UniClust90_4753-PPNKJCKN_00177	0.000128779
UniClust90_4742-BKEFGKIK_00870	0.000128542
UniClust90_4888-AMOPHFKM_00908	0.000128474
UniClust90_4597-MJNBEFCL_02017	0.000128333
UniRef90_A0A377C1M9	0.0001282
UniClust90_37214-IKKHFLKI_00336	0.000127839
UniRef90_A0A377K4X4	0.000127655
UniClust90_10051-AKLPBBLB_04203	0.00012752
UniRef90_A0A376TZV1	0.00012752
UniRef90_A0A376VBU1	0.00012725
UniRef90_A0A376NYE6	0.000126381
UniClust90_4811-DDHBCMLE_01160	0.000126299
UniClust90_4922-PNOECIEC_02653	0.000126299
UniRef90_A0A166BDB1	0.000125001
UniRef90_A0A447LUR7	0.000125001
UniRef90_A0A3S4ESC4	0.000124484
UniRef90_A0A377D0G4	0.000124449
UniRef90_A0A377Z1Z6	0.000124067
UniRef90_A0A379SDS8	0.00012397
UniRef90_A0A447N309	0.000123189
UniRef90_A0A3E5CP57	0.000122956
UniRef90_A0A2Y5C6P4	0.000122768
UniRef90_P52095	0.000122331
UniRef90_A0A2X3KKM1	0.000121466
UniRef90_A0A376L484	0.000120977
UniRef90_Q08698	0.000120977
UniClust90_63885-GMOHLIED_00212	0.000119772
UniRef90_A0A376U741	0.000119772
UniRef90_D4MZM8	0.000119712
UniRef90_A0A447KVY2	0.000119653
UniClust90_21449-APMIFIGD_02041	0.000118474
UniClust90_4760-NNDLPPHM_02292	0.000117893
UniRef90_A0A2X3K857	0.000117663
UniClust90_48209-ADOBGAOE_00174	0.000117393
UniRef90_A0A2I6SVF0	0.000117318
UniClust90_4815-PKJOBLJE_01741	0.000117204
UniRef90_P23837	0.00011709
UniRef90_Q83RR1	0.00011709
UniRef90_UNK1836-MCNOJFBN_00559	0.000116862
UniClust90_102286-GHOLCELN_01724	0.000116832
UniClust90_4861-JKJLMJMJ_01597	0.000116636
UniRef90_UNK1831-MICKEIGF_02455	0.000116481
UniClust90_1782-IDMNMMOB_02063	0.000116193
UniRef90_A0A139KBK8	0.000116129
UniClust90_19976-IPJLGBFI_00080	0.000116066
UniRef90_G8JZS4	0.000115793
UniRef90_A0A2X1N4S7	0.000115349
UniRef90_A0A0N7IF89	0.00011409
UniClust90_94886-DOONEPAM_02888	0.000113169
UniClust90_9223-BLGILKKE_01450	0.000112971
UniRef90_UNK1946-MGJAPMBC_01808	0.000112753
UniRef90_A0A376LIW4	0.000112647
UniRef90_A0A174SRM3	0.000112227
UniRef90_P32662	0.000112122
UniClust90_59642-LHJOMKIL_01065	0.000111966
UniClust90_37161-MJFJPPCM_00082	0.00011181
UniRef90_A0A2X2WJA2	0.00011012
UniClust90_41420-DECBHKIG_03148	0.000109637
UniRef90_A0A0N7I9C3	0.000109568
UniRef90_A0A0E0U2J0	0.000108237
UniRef90_A0A0K3YAD1	0.000108042
UniClust90_1789-LNLEJBME_02771	0.000107897
UniClust90_105987-GGACFHBA_00032	0.000107113
UniRef90_A0A447N1B2	0.000106985
UniRef90_A0A377D3K7	0.000106795
UniRef90_A0A376L925	0.000105948
UniRef90_A8L149	0.000104786
UniRef90_P63884	0.000104475
UniClust90_12094-JGLPNLIJ_01396	0.000104385
UniRef90_P76552	0.000104294
UniClust90_3966-OABAACNO_01383	0.000102631
UniRef90_A0A377TKT9	0.000102541
UniClust90_3601-NMMIOEIP_00739	0.000102341
UniRef90_A0A376UBW9	0.000102341
UniRef90_A0A2A3WRD2	0.000101778
UniRef90_A0A379WNM3	0.000101165
UniRef90_P24182	0.000100058
UniRef90_A0A376ML94	9.95457e-05
UniRef90_A0A377A7Y5	9.90945e-05
UniRef90_A0A108TA51	9.8713e-05
UniClust90_41443-EPFJOBOC_01152	9.84246e-05
UniClust90_35727-DDBBAMNH_01374	9.83411e-05
UniClust90_1806-FNGGFPAO_02268	9.7805e-05
UniClust90_41725-HIHDCMHG_01860	9.76938e-05
UniClust90_27790-DFOHFNHK_02563	9.72631e-05
UniRef90_A0A078PR25	9.68986e-05
UniClust90_4826-PMFJFJNH_01934	9.68206e-05
UniRef90_A0A376TTI6	9.68206e-05
UniRef90_UNK4824-NIPDDDBA_02071	9.68206e-05
UniClust90_41875-JGCJBGCF_01375	9.40933e-05
UniRef90_A0A379D468	9.39018e-05
UniRef90_A0A376ZVV3	9.3399e-05
UniRef90_P32166	9.30017e-05
UniRef90_UNK35754-DPANFMNL_03198	9.27378e-05
UniRef90_A0A343FU88	9.24455e-05
UniClust90_41527-CODHLLGB_02181	9.18996e-05
UniRef90_A0A377BJ34	9.12376e-05
UniRef90_P0AAG8	9.10304e-05
UniRef90_A0A2Y0Y7P7	9.07899e-05
UniRef90_A0A0P0GB55	9.02724e-05
UniRef90_A0A377K7G5	9.00758e-05
UniRef90_UNK1784-GLNIIEPC_00688	8.97359e-05
UniClust90_41475-AHKOLBEO_00557	8.95022e-05
UniRef90_A7ZI99	8.8779e-05
UniRef90_A0A447PJZ3	8.842e-05
UniRef90_A0A377A9A2	8.84042e-05
UniRef90_P39400	8.82902e-05
UniClust90_1860-AKOMJCPL_03443	8.81607e-05
UniRef90_A0A2X1NYJ8	8.73818e-05
UniRef90_A0A376X910	8.73284e-05
UniClust90_41644-GOIALLNJ_00698	8.67933e-05
UniRef90_A0A377LCA5	8.66675e-05
UniRef90_A0A0K4J8R2	8.65117e-05
UniRef90_P05989	8.60782e-05
UniClust90_81754-HKDEBJCJ_01810	8.5649e-05
UniRef90_Q8N6G5-2	8.5649e-05
UniRef90_A0A447XY01	8.54057e-05
UniRef90_P18956	8.47436e-05
UniRef90_A0A173S4H3	8.43572e-05
UniRef90_UNK1785-JPPGIFGF_02043	8.39613e-05
UniClust90_41719-IGNKMALC_01896	8.38108e-05
UniRef90_A0A376MEH0	8.31883e-05
UniClust90_27790-AMAKEEDJ_01541	8.18871e-05
UniRef90_A0A377UXH7	8.08313e-05
UniRef90_A0A0K5G5J2	8.05703e-05
UniRef90_A0A376NXV0	7.95812e-05
UniRef90_A0A173Y4I3	7.94445e-05
UniRef90_A0A376YF99	7.8905e-05
UniRef90_A0A353MZG3	7.84179e-05
UniRef90_A0A376P919	7.80788e-05
UniRef90_UNK4762-PMACLMGL_03435	7.79846e-05
UniClust90_37069-LEJBANPN_00299	7.79334e-05
UniRef90_F7K118	7.73032e-05
UniRef90_A0A240D950	7.70101e-05
UniRef90_P30140	7.70101e-05
UniClust90_4785-IFGOLCDN_00447	7.635e-05
UniRef90_G5FBI4	7.63158e-05
UniRef90_UNK15837-JLPNDGOC_01904	7.60133e-05
UniClust90_40680-AIALFJNN_01634	7.58381e-05
UniRef90_A0A376LFU8	7.57727e-05
UniClust90_27789-PFALEEGP_03434	7.57546e-05
UniClust90_1741-IBGGBMIM_01931	7.56263e-05
UniClust90_29422-GNGMCKLJ_00292	7.5611e-05
UniClust90_41510-JCEAGIEK_01301	7.5611e-05
UniClust90_41435-CDDGNGAM_01756	7.54419e-05
UniClust90_4631-FBIHBNGI_01113	7.52978e-05
UniRef90_A0A1D5REZ4	7.52746e-05
UniRef90_P22939	7.46902e-05
UniRef90_A0A3S4NTG2	7.45975e-05
UniClust90_41672-MOPFAAGE_01282	7.43064e-05
UniClust90_35739-BDCNDIME_01598	7.39875e-05
UniRef90_A0A3S4F0X9	7.37045e-05
UniRef90_A0A2X1J5F1	7.36833e-05
UniRef90_A0A1I7G7B7	7.35365e-05
UniRef90_A0A376RQS3	7.32792e-05
UniRef90_A0A379TB38	7.32515e-05
UniRef90_A0A376Q1I9	7.26102e-05
UniRef90_UPI0009BAFE73	7.10705e-05
UniRef90_A0A3R4SBL6	7.09447e-05
UniRef90_UPI00050B8CFD	7.08819e-05
UniClust90_35555-BNGAGEKL_01094	7.08584e-05
UniRef90_UNK35739-BDCNDIME_01598	7.05194e-05
UniRef90_A0A174HBR1	7.00356e-05
UniRef90_A0A376TQE5	6.96938e-05
UniRef90_A0A2Y0E746	6.95295e-05
UniRef90_F6S273	6.86953e-05
UniRef90_A0A090SPE3	6.86683e-05
UniRef90_A0A3P5DI47	6.7709e-05
UniClust90_4664-HPBCACKN_00509	6.65106e-05
UniClust90_4671-PGADHPKF_01996	6.65106e-05
UniClust90_1861-DHADHFNJ_00183	6.64004e-05
UniRef90_UNK5104-JADBJBHB_00718	6.60721e-05
UniRef90_A0A2X1NE89	6.6027e-05
UniRef90_A0A376VE37	6.51768e-05
UniClust90_1857-JBIOKFDD_01011	6.44462e-05
UniRef90_Q8FFF4	6.38785e-05
UniRef90_UNK5105-HOPJILHJ_01123	6.37599e-05
UniRef90_A0A377TIN3	6.36697e-05
UniRef90_P33570	6.35913e-05
UniRef90_A0A174G360	6.23548e-05
UniRef90_A0A376KIK3	6.18576e-05
UniClust90_29422-ALAGOIEI_02046	6.17453e-05
UniRef90_A0A174IF79	6.07582e-05
UniClust90_1858-BAEMCBME_02590	6.05433e-05
UniRef90_A0A0F3T2T2	5.64957e-05
UniClust90_41425-LIONDFFO_00944	5.5664e-05
UniRef90_A0A376JHA0	5.42161e-05
UniRef90_A0A485J9Y7	5.3445e-05
UniRef90_A0A1Y4VLZ9	5.30442e-05
UniRef90_UNK94887-PHPKPOEI_02755	5.26839e-05
UniRef90_C3TJQ7	5.24656e-05
UniRef90_P77510	5.24656e-05
UniRef90_A0A2X1J673	5.24643e-05
UniRef90_UNK35765-INAMDGPO_00052	5.20172e-05
UniRef90_UNK6338-PALOLPBJ_01144	5.12381e-05
UniRef90_UPI00049F9029	5.07068e-05
UniRef90_A0A377DZI6	4.96495e-05
UniRef90_A0A1C5U9G4	4.90021e-05
UniRef90_A0A376ZJ60	4.89423e-05
UniRef90_UPI0005A8C871	4.85863e-05
UniRef90_Q8A0C2	4.84489e-05
UniRef90_A0A2X1M237	4.83811e-05
UniRef90_P03018	4.7954e-05
UniRef90_A0A377DLQ6	4.78898e-05
UniRef90_P14081	4.65549e-05
UniClust90_6540-BGICJMIB_00598	4.58232e-05
UniRef90_Q8X5X6	4.18702e-05
UniClust90_4733-FKOAHAON_01823	4.0916e-05
UniClust90_35754-HCKPKAPM_02168	3.95898e-05
UniRef90_P75800	3.95693e-05
UniRef90_A0A377WDA5	3.95565e-05
UniRef90_A0A377XJN9	3.92106e-05
UniRef90_A0A377AH29	3.7149e-05
UniRef90_P00363	3.70778e-05
UniRef90_A0A061K7K7	3.62093e-05
UniRef90_P46923	3.50842e-05
UniRef90_A0A376J8N2	3.41041e-05
UniClust90_35774-NGGELNLG_01280	3.36028e-05
UniRef90_A0A381D8X2	3.22495e-05
UniRef90_P21499	2.66632e-05
UniRef90_P15254	2.17906e-05
